braille ,tamil
⠁,அ
⠜,ஆ
⠊,இ
⠔,ஈ
⠥,உ
⠳,ஊ
⠢,எ
⠑,ஏ
⠌,ஐ
⠭,ஒ
⠕,ஓ
⠪,ஔ
ஃ,ஃ
⠅,க
⠬,ங
⠉,ச
⠒,ஞ
⠾,ட
⠼,ண
⠞,த
⠝,ந
⠏,ப
⠍,ம
⠽,ய
⠗,ர
⠇,ல
⠧,வ
⠷,ழ
⠸,ள
⠻,ற
⠰,ன
⠯,ஷ
⠎,ஸ
⠓,ஹ
⠅⠰,க்
⠬⠰,ங்
⠉⠰,ச்
⠒⠰,ஞ்
⠾⠰,ட்
⠼⠰,ண்
⠞⠰,த்
⠝⠰,ந்
⠏⠰,ப்
⠍⠰,ம்
⠽⠰,ய்
⠗⠰,ர்
⠇⠰,ல்
⠧⠰,வ்
⠷⠰,ழ்
⠸⠰,ள்
⠻⠰,ற்
⠰⠰,ன்
⠎⠰,ஸ்
⠯⠰,ஷ்
⠓⠰,ஹ்
⠅⠜,கா
⠅⠊,கி
⠅⠔,கீ
⠅⠥,கு
⠅⠳,கூ
⠅⠑,கெ
⠅⠑,கே
⠅⠌,கை
⠅⠕,கொ
⠅⠕,கோ
⠅⠪,கௌ
⠅⠰,க்
⠬⠜,ஙா
⠬⠊,ஙி
⠬⠔,ஙீ
⠬⠥,ஙு
⠬⠳,ஙூ
⠬⠑,ஙெ
⠬⠑,ஙே
⠬⠌,ஙை
⠬⠕,ஙொ
⠬⠕,ஙோ
⠬⠪,ஙௌ
⠬⠰,ங்
⠉⠜,சா
⠉⠊,சி
⠉⠔,சீ
⠉⠥,சு
⠉⠳,சூ
⠉⠑,செ
⠉⠑,சே
⠉⠌,சை
⠉⠕,சொ
⠉⠕,சோ
⠉⠪,சௌ
⠉⠰,ச்
⠒⠜,ஞா
⠒⠊,ஞி
⠒⠔,ஞீ
⠒⠥,ஞு
⠒⠳,ஞூ
⠒⠑,ஞெ
⠒⠑,ஞே
⠒⠌,ஞை
⠒⠕,ஞொ
⠒⠕,ஞோ
⠒⠪,ஞௌ
⠒⠰,ஞ்
⠾⠜,டா
⠾⠊,டி
⠾⠔,டீ
⠾⠥,டு
⠾⠳,டூ
⠾⠑,டெ
⠾⠑,டே
⠾⠌,டை
⠾⠕,டொ
⠾⠕,டோ
⠾⠪,டௌ
⠾⠰,ட்
⠼⠜,ணா
⠼⠊,ணி
⠼⠔,ணீ
⠼⠥,ணு
⠼⠳,ணூ
⠼⠑,ணெ
⠼⠑,ணே
⠼⠌,ணை
⠼⠕,ணொ
⠼⠕,ணோ
⠼⠪,ணௌ
⠼⠰,ண்
⠞⠜,தா
⠞⠊,தி
⠞⠔,தீ
⠞⠥,து
⠞⠳,தூ
⠞⠑,தெ
⠞⠑,தே
⠞⠌,தை
⠞⠕,தொ
⠞⠕,தோ
⠞⠪,தௌ
⠞⠰,த்
⠝⠜,நா
⠝⠊,நி
⠝⠔,நீ
⠝⠥,நு
⠝⠳,நூ
⠝⠑,நெ
⠝⠑,நே
⠝⠌,நை
⠝⠕,நொ
⠝⠕,நோ
⠝⠪,நௌ
⠝⠰,ந்
⠏⠜,பா
⠏⠊,பி
⠏⠔,பீ
⠏⠥,பு
⠏⠳,பூ
⠏⠑,பெ
⠏⠑,பே
⠏⠌,பை
⠏⠕,பொ
⠏⠕,போ
⠏⠪,பௌ
⠏⠰,ப்
⠍⠜,மா
⠍⠊,மி
⠍⠔,மீ
⠍⠥,மு
⠍⠳,மூ
⠍⠑,மெ
⠍⠑,மே
⠍⠌,மை
⠍⠕,மொ
⠍⠕,மோ
⠍⠪,மௌ
⠍⠰,ம்
⠽⠜,யா
⠽⠊,யி
⠽⠔,யீ
⠽⠥,யு
⠽⠳,யூ
⠽⠑,யெ
⠽⠑,யே
⠽⠌,யை
⠽⠕,யொ
⠽⠕,யோ
⠽⠪,யௌ
⠽⠰,ய்
⠗⠜,ரா
⠗⠊,ரி
⠗⠔,ரீ
⠗⠥,ரு
⠗⠳,ரூ
⠗⠑,ரெ
⠗⠑,ரே
⠗⠌,ரை
⠗⠕,ரொ
⠗⠕,ரோ
⠗⠪,ரௌ
⠗⠰,ர்
⠇⠜,லா
⠇⠊,லி
⠇⠔,லீ
⠇⠥,லு
⠇⠳,லூ
⠇⠑,லெ
⠇⠑,லே
⠇⠌,லை
⠇⠕,லொ
⠇⠕,லோ
⠇⠪,லௌ
⠇⠰,ல்
⠧⠜,வா
⠧⠊,வி
⠧⠔,வீ
⠧⠥,வு
⠧⠳,வூ
⠧⠑,வெ
⠧⠑,வே
⠧⠌,வை
⠧⠕,வொ
⠧⠕,வோ
⠧⠪,வௌ
⠧⠰,வ்
⠷⠜,ழா
⠷⠊,ழி
⠷⠔,ழீ
⠷⠥,ழு
⠷⠳,ழூ
⠷⠑,ழெ
⠷⠑,ழே
⠷⠌,ழை
⠷⠕,ழொ
⠷⠕,ழோ
⠷⠪,ழௌ
⠷⠰,ழ்
⠸⠜,ளா
⠸⠊,ளி
⠸⠔,ளீ
⠸⠥,ளு
⠸⠳,ளூ
⠸⠑,ளெ
⠸⠑,ளே
⠸⠌,ளை
⠸⠕,ளொ
⠸⠕,ளோ
⠸⠪,ளௌ
⠸⠰,ள்
⠥⠼⠰⠍⠌⠽⠜⠰,உண்மையான
⠧⠜⠷⠰⠅⠰⠅⠌,வாழ்க்கை
⠉⠊⠇,சில
⠧⠾⠅⠰⠅⠊⠇⠰,வடக்கில்
⠏⠥⠞⠰⠞⠅⠍⠰,புத்தகம்
⠢⠾⠥⠞⠰⠞⠥,எடுத்து
⠝⠾⠝⠰⠞⠞⠥,நடந்தது
⠁⠻⠊⠧⠊⠽⠇⠰,அறிவியல்
⠉⠜⠏⠰⠏⠊⠾,சாப்பிட
⠁⠻⠌⠽⠊⠇⠰,அறையில்
⠝⠼⠰⠏⠗⠰,நண்பர்
⠞⠕⠾⠬⠰⠅⠊⠽⠞⠥,தொடங்கியது
⠽⠕⠉⠰⠌,யோசனை
⠍⠔⠰⠰,மீன்
⠍⠇⠌,மலை
⠝⠊⠻⠥⠞⠰⠞,நிறுத்த
⠭⠗⠥⠍⠥⠻⠌,ஒருமுறை
⠁⠾⠊⠏⠰⠏⠾⠌,அடிப்படை
⠉⠑⠧⠊ ⠍⠾⠥⠞⠰⠞⠥ ⠅⠑⠸⠰,செவி மடுத்து கேள்
⠅⠥⠞⠊⠗⠌,குதிரை
⠧⠑⠾⠰⠾⠥,வெட்டு
⠥⠻⠥⠞⠊⠽⠜⠰,உறுதியான
⠏⠜⠗⠰⠅⠰⠅,பார்க்க
⠧⠼⠰⠼,வண்ண
⠍⠥⠅⠞⠰⠞⠌,முகத்தை
⠍⠗⠍⠰,மரம்
⠍⠥⠅⠰⠅⠊⠽,முக்கிய
⠞⠊⠻⠝⠰⠞,திறந்த
⠞⠑⠗⠊⠽⠧⠊⠇⠰⠇⠌,தெரியவில்லை
⠭⠰⠰⠻⠜⠅,ஒன்றாக
⠁⠾⠥⠞⠰⠞,அடுத்த
⠧⠑⠸⠰⠸⠌,வெள்ளை
⠅⠥⠷⠝⠰⠞⠌⠅⠸⠰,குழந்தைகள்
⠞⠕⠾⠬⠰⠅⠥⠍⠰,தொடங்கும்
⠅⠊⠾⠌⠞⠰⠞⠞⠥,கிடைத்தது
⠝⠾⠅⠰⠅,நடக்க
⠥⠞⠜⠗⠼⠍⠜⠅,உதாரணமாக
⠢⠸⠊⠞⠜⠅⠰⠅,எளிதாக்க
⠅⠜⠅⠊⠞,காகித
⠅⠥⠷⠥,குழு
⠢⠏⠰⠏⠕⠞⠥⠍⠰,எப்போதும்
⠊⠉⠌,இசை
⠁⠝⠰⠞,அந்த
⠊⠗⠼⠰⠾⠥,இரண்டு
⠅⠥⠻⠊,குறி
⠏⠑⠗⠥⠍⠰⠏⠜⠇⠥⠍⠰,பெரும்பாலும்
⠅⠾⠊⠞⠍⠰,கடிதம்
⠧⠗⠌,வரை
⠍⠌⠇⠰,மைல்
⠜⠻⠰⠻⠊⠇⠰,ஆற்றில்
⠅⠜⠗⠰,கார்
⠁⠾⠊,அடி
⠏⠜⠞⠥⠅⠜⠏⠰⠏⠥,பாதுகாப்பு
⠊⠗⠼⠰⠾⠜⠧⠞⠥,இரண்டாவது
⠏⠕⠞⠥⠍⠜⠰,போதுமான
⠧⠑⠻⠰⠻⠥,வெற்று
⠏⠑⠼⠰,பெண்
⠧⠷⠅⠰⠅⠍⠰,வழக்கம்
⠊⠸⠍⠰,இளம்
⠞⠽⠜⠗⠜⠅,தயாராக
⠍⠑⠇⠑,மேலே
⠢⠏⠰⠏⠕⠞⠥⠍⠰,எப்போதும்
⠉⠊⠧⠏⠰⠏⠥⠂,"சிவப்பு,"
⠏⠾⠰⠾⠊⠽⠇⠊⠇⠰,பட்டியலில்
⠢⠰⠊⠰⠥⠍⠰,எனினும்
⠥⠼⠗,உணர
⠏⠑⠉⠰⠉⠥,பேச்சு
⠏⠻⠧⠌,பறவை
⠧⠊⠗⠌⠧⠊⠇⠰,விரைவில்
⠥⠾⠇⠰,உடல்
⠝⠜⠽⠰,நாய்
⠅⠥⠾⠥⠍⠰⠏,குடும்ப
⠝⠑⠗⠾⠊,நேரடி
⠏⠕⠎⠰,போஸ்
⠧⠊⠾⠰⠾⠥,விட்டு
⠏⠜⠾⠇⠰,பாடல்
⠁⠸⠧⠊⠾,அளவிட
⠅⠞⠧⠌,கதவை
⠞⠽⠜⠗⠊⠏⠰⠏⠥,தயாரிப்பு
⠅⠗⠥⠏⠰⠏⠥,கருப்பு
⠅⠥⠻⠥⠅⠊⠽,குறுகிய
⠢⠼⠰,எண்
⠧⠗⠰⠅⠰⠅⠍⠰,வர்க்கம்
⠅⠜⠻⠰⠻⠥,காற்று
⠅⠑⠸⠰⠧⠊,கேள்வி
⠝⠾⠅⠰⠅⠥⠍⠰,நடக்கும்
⠍⠥⠷⠥⠍⠌⠽⠜⠰,முழுமையான
⠅⠏⠰⠏⠇⠰,கப்பல்
⠏⠅⠥⠞⠊,பகுதி
⠁⠗⠌,அரை
⠗⠜⠅⠰,ராக்
⠏⠕⠗⠥⠾⠰⠾⠥,பொருட்டு
⠞⠔,தீ
⠞⠑⠻⠰⠅⠥,தெற்கு
⠏⠊⠗⠉⠰⠉⠰⠌,பிரச்சனை
⠞⠥⠼⠰⠾⠥,துண்டு
⠅⠳⠻⠊⠰⠜⠗⠰,கூறினார்
⠞⠑⠗⠊⠝⠰⠞⠞⠥,தெரிந்தது
⠅⠾⠝⠰⠞⠥,கடந்து
⠍⠥⠞⠇⠰,முதல்
⠍⠑⠇⠰,மேல்
⠍⠥⠷⠥⠧⠞⠥⠍⠰,முழுவதும்
⠗⠜⠚⠜,ராஜா
⠞⠑⠗⠥⠧⠊⠇⠰,தெருவில்
⠁⠬⠰⠅⠥⠇,அங்குல
⠏⠑⠗⠥⠅⠰⠅⠧⠥⠍⠰,பெருக்கவும்
⠢⠞⠥⠧⠥⠍⠰,எதுவும்
⠝⠊⠉⠰⠉⠽⠍⠜⠅,நிச்சயமாக
⠞⠬⠰⠅,தங்க
⠉⠅⠰⠅⠗,சக்கர
⠍⠥⠷⠥,முழு
⠏⠾⠌,படை
⠝⠔⠇,நீல
⠏⠕⠗⠥⠸⠰,பொருள்
⠍⠥⠾⠊⠧⠥,முடிவு
⠍⠑⠻⠰⠏⠗⠏⠰⠏⠥,மேற்பரப்பு
⠜⠷⠍⠜⠰,ஆழமான
⠝⠊⠇⠧⠥,நிலவு
⠞⠔⠧⠊⠰⠰,தீவின்
⠅⠜⠇⠰,கால்
⠁⠍⠌⠏⠰⠏⠥,அமைப்பு
⠏⠊⠎⠊⠽⠜⠅,பிஸியாக
⠉⠕⠞⠰⠌,சோதனை
⠏⠞⠊⠧⠥,பதிவு
⠏⠾⠅⠥,படகு
⠏⠕⠞⠥,பொது
⠞⠬⠰⠅,தங்க
⠉⠜⠞⠰⠞⠊⠽⠍⠰,சாத்தியம்
⠧⠊⠍⠜⠰⠍⠰,விமானம்
⠎⠰⠞⠜⠰⠞⠰⠞⠊⠇⠰,ஸ்தானத்தில்
⠥⠇⠗⠰,உலர்
⠞⠑⠗⠊⠽⠧⠊⠇⠰⠇⠌,தெரியவில்லை
⠉⠊⠗⠊⠏⠰⠏⠥,சிரிப்பு
⠜⠽⠊⠗⠍⠰,ஆயிரம்
⠍⠥⠰⠰⠏⠥,முன்பு
⠕⠾⠊,ஓடி
⠏⠜⠗⠰⠅⠰⠅,பார்க்க
⠧⠊⠸⠌⠽⠜⠾⠰⠾⠥,விளையாட்டு
⠧⠾⠊⠧⠍⠰,வடிவம்
⠉⠍⠰⠰,சமன்
⠉⠳⠾⠜⠰,சூடான
⠍⠊⠎⠰,மிஸ்
⠅⠕⠼⠰⠾⠥,கொண்டு
⠧⠑⠏⠰⠏,வெப்ப
⠏⠰⠊,பனி
⠾⠽⠗⠰,டயர்
⠅⠕⠼⠰⠾⠥ ⠧⠜,கொண்டு வா
⠜⠍⠰,ஆம்
⠞⠕⠇⠌⠞⠳⠗,தொலைதூர
⠝⠊⠗⠏⠰⠏⠧⠥⠍⠰,நிரப்பவும்
⠅⠊⠷⠅⠰⠅⠥,கிழக்கு
⠧⠼⠰⠼⠍⠰,வண்ணம்
⠍⠕⠷⠊,மொழி
⠍⠞⠰⠞⠊⠽⠊⠇⠰,மத்தியில்
⠁⠇⠅⠥,அலகு
⠁⠞⠊⠅⠜⠗⠞⠰⠞⠌,அதிகாரத்தை
⠝⠅⠗⠍⠰,நகரம்
⠝⠰⠰⠻⠜⠅,நன்றாக
⠝⠊⠉⠰⠉⠽⠍⠜⠰,நிச்சயமான
⠏⠻⠅⠰⠅,பறக்க
⠧⠊⠷,விழ
⠧⠷⠊⠧⠅⠥⠅⠰⠅⠥⠍⠰,வழிவகுக்கும்
⠁⠷,அழ
⠊⠗⠥⠼⠰⠾,இருண்ட
⠊⠽⠝⠰⠞⠊⠗⠍⠰,இயந்திரம்
⠅⠥⠻⠊⠏⠰⠏⠥,குறிப்பு
⠅⠜⠞⠰⠞⠊⠗⠥⠅⠰⠅,காத்திருக்க
⠞⠊⠾⠰⠾⠍⠰,திட்டம்
⠢⠼⠰⠼⠊⠅⠰⠅⠌,எண்ணிக்கை
⠝⠾⠰⠉⠞⠰⠞⠊⠗,நட்சத்திர
⠏⠑⠾⠰⠾⠊⠽⠊⠇⠰,பெட்டியில்
⠏⠑⠽⠗⠰⠉⠰⠉⠕⠇⠰,பெயர்ச்சொல்
⠞⠥⠻⠌⠽⠊⠇⠰,துறையில்
⠍⠔⠞⠍⠥⠸⠰⠸,மீதமுள்ள
⠉⠗⠊⠽⠜⠰,சரியான
⠍⠥⠾⠊⠝⠰⠞⠞⠥,முடிந்தது
⠏⠧⠥⠼⠰⠾⠥,பவுண்டு
⠉⠑⠽⠰⠞⠥,செய்து
⠁⠷⠅⠥,அழகு
⠊⠽⠅⠰⠅⠊,இயக்கி
⠝⠊⠰⠰⠻⠥,நின்று
⠅⠕⠼⠰⠾⠊⠗⠥⠅⠰⠅⠊⠻⠞⠥,கொண்டிருக்கிறது
⠍⠥⠰⠰,முன்
⠅⠻⠰⠻⠥,கற்று
⠧⠜⠗⠍⠰,வாரம்
⠊⠻⠥⠞⠊,இறுதி
⠅⠕⠾⠥⠞⠰⠞⠞⠥,கொடுத்தது
⠏⠉⠰⠉⠌,பச்சை
⠕,ஓ
⠧⠊⠗⠌⠧⠜⠰,விரைவான
⠁⠏⠊⠧⠊⠗⠥⠞⠰⠞⠊,அபிவிருத்தி
⠅⠾⠇⠰,கடல்
⠉⠳⠾⠜⠰,சூடான
⠊⠇⠧⠉,இலவச
⠝⠊⠍⠊⠾⠍⠰,நிமிடம்
⠧⠇⠥⠧⠜⠰,வலுவான
⠉⠊⠻⠏⠰⠏⠥,சிறப்பு
⠍⠰⠞⠊⠇⠰,மனதில்
⠏⠊⠰⠰⠰⠜⠇⠰,பின்னால்
⠞⠑⠸⠊⠧⠜⠰,தெளிவான
⠧⠜⠇⠰,வால்
⠥⠻⠰⠏⠞⠰⠞⠊,உற்பத்தி
⠥⠼⠰⠍⠌,உண்மை
⠧⠊⠼⠰⠧⠑⠸⠊,விண்வெளி
⠅⠑⠾⠰⠾⠞⠥,கேட்டது
⠉⠊⠻⠝⠰⠞,சிறந்த
⠍⠼⠊,மணி
⠉⠊⠻⠝⠰⠞,சிறந்த
⠥⠼⠰⠍⠌,உண்மை
⠏⠕⠞⠥,போது
⠝⠳⠻⠥,நூறு
⠌⠝⠰⠞⠥,ஐந்து
⠝⠊⠰⠌⠧⠊⠇⠰,நினைவில்
⠏⠾⠊,படி
⠜⠗⠍⠰⠏,ஆரம்ப
⠝⠾⠞⠰⠞,நடத்த
⠍⠑⠻⠰⠅⠑,மேற்கே
⠞⠗⠌⠽⠊⠇⠰,தரையில்
⠧⠾⠰⠾⠊,வட்டி
⠁⠾⠌⠽,அடைய
⠧⠑⠅⠍⠜⠅,வேகமாக
⠧⠊⠰⠌,வினை
⠏⠜⠾,பாட
⠅⠑⠾⠰⠅,கேட்க
⠜⠻⠥,ஆறு
⠁⠾⠰⠾⠧⠼⠌,அட்டவணை
⠏⠽⠼,பயண
⠅⠥⠻⠌⠧⠜⠰,குறைவான
⠅⠜⠇⠌⠽⠊⠇⠰,காலையில்
⠏⠞⠰⠞⠥,பத்து
⠢⠸⠊⠍⠌⠽⠜⠰,எளிமையான
⠏⠇,பல
⠥⠽⠊⠗⠰,உயிர்
⠝⠕⠅⠰⠅⠊,நோக்கி
⠏⠕⠗⠰,போர்
⠏⠕⠾,போட
⠢⠞⠊⠗⠜⠰,எதிரான
⠁⠍⠌⠏⠰⠏⠥,அமைப்பு
⠍⠑⠞⠥⠧⠜⠅,மெதுவாக
⠉⠑⠰⠰⠾⠗⠰,சென்டர்
⠅⠜⠞⠇⠰,காதல்
⠝⠏⠗⠰,நபர்
⠏⠼⠞⠰⠞⠌,பணத்தை
⠉⠑⠧⠌,சேவை
⠞⠕⠰⠰⠻⠥⠍⠰,தோன்றும்
⠉⠜⠇⠌,சாலை
⠧⠗⠌⠏⠾⠞⠰⠞⠌,வரைபடத்தை
⠍⠷⠌,மழை
⠜⠾⠰⠉⠊,ஆட்சி
⠜⠾⠰⠉⠊,ஆட்சி
⠊⠷⠥⠅⠰⠅,இழுக்க
⠅⠥⠸⠊⠗⠰,குளிர்
⠁⠻⠊⠧⠊⠏⠰⠏⠥,அறிவிப்பு
⠅⠥⠗⠇⠰,குரல்
⠜⠻⠰⠻⠇⠰,ஆற்றல்
⠧⠑⠾⠰⠾⠌,வேட்டை
⠉⠜⠞⠰⠞⠊⠽⠍⠜⠰,சாத்தியமான
⠏⠾⠥⠅⠰⠅⠌⠽⠊⠇⠰,படுக்கையில்
⠉⠅⠕⠞⠗⠗⠰,சகோதரர்
⠍⠥⠾⠰⠾⠌,முட்டை
⠉⠧⠜⠗⠊,சவாரி
⠉⠑⠇⠰,செல்
⠝⠍⠰⠏⠊⠅⠰⠅⠌,நம்பிக்கை
⠭⠗⠥⠧⠑⠸⠌,ஒருவேளை
⠢⠾⠥⠅⠰⠅,எடுக்க
⠞⠊⠾⠔⠗⠰,திடீர்
⠢⠼⠰⠼,எண்ண
⠉⠞⠥⠗⠍⠰,சதுரம்
⠅⠜⠗⠼⠍⠰,காரணம்
⠝⠔⠸⠍⠰,நீளம்
⠏⠊⠗⠞⠊⠝⠊⠞⠊⠞⠰⠞⠥⠧⠍⠰,பிரதிநிதித்துவம்
⠅⠇⠌,கலை
⠏⠕⠗⠥⠸⠰,பொருள்
⠏⠅⠥⠞⠊,பகுதி
⠁⠸⠧⠥,அளவு
⠍⠜⠻⠥⠏⠾⠥⠅⠊⠻⠞⠥,மாறுபடுகிறது
⠅⠥⠾⠊⠽⠑⠻,குடியேற
⠏⠑⠉,பேச
⠢⠾⠌,எடை
⠏⠕⠞⠥,பொது
⠏⠰⠊,பனி
⠧⠊⠯⠽⠍⠰,விஷயம்
⠧⠾⠰⠾⠞⠰⠞⠊⠰⠰,வட்டத்தின்
⠚⠕⠾⠊,ஜோடி
⠉⠑⠗⠰⠅⠰⠅⠊⠻⠞⠥,சேர்க்கிறது
⠏⠊⠸⠧⠌,பிளவை
⠁⠉⠌⠽⠜⠅,அசையாக
⠥⠼⠗⠰⠝⠰⠞⠑⠰⠰,உணர்ந்தேன்
⠏⠑⠗⠥⠍⠰,பெரும்
⠏⠝⠰⠞⠥,பந்து
⠊⠞⠥⠧⠗⠌,இதுவரை
⠁⠇⠌,அலை
⠅⠌⠧⠊⠾,கைவிட
⠊⠞⠽,இதய
⠝⠜⠰⠰,நான்
⠞⠻⠰⠏⠕⠞⠌⠽,தற்போதைய
⠅⠰⠗⠅,கனரக
⠝⠾⠰,நடன
⠊⠽⠝⠰⠞⠊⠗⠍⠰,இயந்திரம்
⠝⠊⠇⠌⠽⠌,நிலையை
⠅⠌,கை
⠏⠗⠝⠰⠞,பரந்த
⠏⠥⠻⠏⠰⠏⠾⠰⠾⠞⠥,புறப்பட்டது
⠏⠕⠗⠥⠸⠰,பொருள்
⠏⠅⠥⠞⠊,பகுதி
⠅⠜⠾⠰⠾⠊⠇⠰,காட்டில்
⠥⠾⠰⠅⠜⠗,உட்கார
⠊⠰⠍⠰,இனம்
⠉⠜⠸⠗,சாளர
⠅⠾⠌⠽⠊⠇⠰,கடையில்
⠅⠕⠾⠌,கோடை
⠗⠽⠊⠇⠰,ரயில்
⠞⠳⠅⠰⠅⠍⠰,தூக்கம்
⠝⠊⠗⠳⠏⠊⠅⠰⠅,நிரூபிக்க
⠞⠰⠊,தனி
⠅⠜⠇⠌,காலை
⠥⠾⠻⠰⠏⠽⠊⠻⠰⠉⠊,உடற்பயிற்சி
⠉⠥⠧⠗⠰,சுவர்
⠏,ப
⠑⠻⠰⠻,ஏற்ற
⠧⠊⠗⠥⠍⠰⠏⠥⠅⠊⠻⠑⠰⠰,விரும்புகிறேன்
⠧⠜⠰⠞⠰⠞⠊⠇⠰,வானத்தில்
⠅⠥⠷⠥,குழு
⠍⠅⠊⠷⠰⠉⠰⠉⠊,மகிழ்ச்சி
⠅⠥⠸⠊⠗⠰⠅⠜⠇⠞⠰⠞⠊⠇⠰,குளிர்காலத்தில்
⠉⠰⠊,சனி
⠢⠷⠥⠞⠏⠰⠏⠾⠰⠾,எழுதப்பட்ட
⠅⠜⠾⠰⠾⠥,காட்டு
⠅⠗⠥⠧⠊,கருவி
⠧⠌⠞⠰⠞⠥,வைத்து
⠅⠼⠰⠼⠜⠾⠊,கண்ணாடி
⠏⠥⠇⠰,புல்
⠍⠜⠾⠥,மாடு
⠧⠑⠇⠌,வேலை
⠧⠊⠸⠊⠍⠰⠏⠊⠇⠰,விளிம்பில்
⠁⠾⠌⠽⠜⠸⠍⠰,அடையாளம்
⠧⠗⠥⠅⠌,வருகை
⠅⠾⠝⠰⠞,கடந்த
⠍⠑⠰⠰⠍⠌⠽⠜⠰,மென்மையான
⠧⠑⠾⠊⠅⠰⠅⠌,வேடிக்கை
⠏⠊⠗⠅⠜⠉⠍⠜⠰,பிரகாசமான
⠢⠗⠊⠧⠜⠽⠥,எரிவாயு
⠧⠜⠰⠊⠇⠌,வானிலை
⠍⠜⠞⠍⠰,மாதம்
⠍⠊⠇⠰⠇⠊⠽⠰⠰,மில்லியன்
⠞⠜⠬⠰⠅,தாங்க
⠏⠳⠉⠰⠉⠥,பூச்சு
⠉⠝⠰⠞⠕⠯⠍⠜⠅,சந்தோஷமாக
⠝⠍⠰⠏⠊⠅⠰⠅⠌,நம்பிக்கை
⠍⠇⠗⠰,மலர்
⠥⠾⠌,உடை
⠧⠊⠉⠊⠞⠰⠞⠊⠗⠍⠜⠰,விசித்திரமான
⠉⠑⠰⠰⠻⠥,சென்று
⠧⠗⠰⠞⠰⠞⠅,வர்த்தக
⠍⠑⠇⠰⠇⠊⠉⠌,மெல்லிசை
⠏⠽⠼⠍⠰,பயணம்
⠁⠇⠥⠧⠇⠅⠞⠰⠞⠊⠇⠰,அலுவலகத்தில்
⠏⠑⠻,பெற
⠧⠗⠊⠉⠌⠽⠊⠇⠰,வரிசையில்
⠧⠜⠽⠊⠇⠰,வாயில்
⠞⠥⠇⠰⠇⠊⠽⠍⠜⠰,துல்லியமான
⠉⠊⠰⠰⠰⠍⠰,சின்னம்
⠊⠻⠅⠰⠅,இறக்க
⠅⠥⠻⠌⠝⠰⠞⠞⠥,குறைந்தது
⠉⠊⠅⠰⠅⠇⠰,சிக்கல்
⠅⠞⠰⠞⠊,கத்தி
⠞⠧⠊⠗⠂,"தவிர,"
⠢⠷⠥⠞⠊⠽⠞⠥,எழுதியது
⠧⠊⠞⠌,விதை
⠞⠕⠰⠊,தொனி
⠉⠑⠗,சேர
⠏⠗⠊⠝⠰⠞⠥⠗⠌⠅⠰⠅⠊⠻⠞⠥,பரிந்துரைக்கிறது
⠉⠥⠞⠰⠞⠍⠜⠰,சுத்தமான
⠊⠾⠌⠧⠑⠸⠊,இடைவெளி
⠏⠑⠼⠰,பெண்
⠍⠥⠻⠰⠻⠞⠰⠞⠊⠇⠰,முற்றத்தில்
⠥⠽⠗⠥⠍⠰,உயரும்
⠅⠑⠾⠰⠾,கெட்ட
⠁⠾⠊⠽⠜⠅,அடியாக
⠢⠼⠰⠼⠑⠽⠰,எண்ணெய்
⠊⠗⠞⠰⠞,இரத்த
⠞⠕⠾,தொட
⠧⠸⠗⠰⠝⠰⠞⠞⠥,வளர்ந்தது
⠉⠞⠧⠔⠞⠍⠰,சதவீதம்
⠅⠇⠝⠰⠞⠥,கலந்து
⠁⠼⠊,அணி
⠅⠍⠰⠏⠊,கம்பி
⠉⠑⠇⠧⠥,செலவு
⠊⠷⠝⠰⠞⠞⠥,இழந்தது
⠏⠷⠥⠏⠰⠏⠥,பழுப்பு
⠁⠼⠊⠽,அணிய
⠞⠕⠾⠰⠾⠞⠰⠞⠊⠇⠰,தோட்டத்தில்
⠉⠍,சம
⠁⠰⠥⠏⠰⠏⠊,அனுப்பி
⠞⠑⠗⠰⠧⠥,தேர்வு
⠧⠊⠷⠥⠝⠰⠞⠞⠥,விழுந்தது
⠏⠕⠗⠥⠝⠰⠞⠥⠍⠰,பொருந்தும்
⠏⠜⠽⠥⠍⠰,பாயும்
⠝⠊⠽⠜⠽⠍⠜⠰,நியாயமான
⠧⠬⠰⠅⠊,வங்கி
⠉⠑⠅⠗⠊⠅⠰⠅,சேகரிக்க
⠅⠜⠏⠰⠏⠜⠻⠰⠻,காப்பாற்ற
⠅⠾⠰⠾⠥⠏⠰⠏⠜⠾⠥,கட்டுப்பாடு
⠞⠉⠍,தசம
⠅⠜⠞⠥,காது
⠧⠑⠻⠥,வேறு
⠍⠊⠅⠧⠥⠍⠰,மிகவும்
⠧⠑⠾⠊⠞⠰⠞⠞⠥,வெடித்தது
⠧⠷⠅⠰⠅⠥,வழக்கு
⠝⠾⠥⠞⠰⠞⠗,நடுத்தர
⠅⠕⠇⠌,கொலை
⠍⠅⠰⠰,மகன்
⠑⠗⠊⠽⠊⠇⠰,ஏரியில்
⠅⠼⠍⠰,கணம்
⠁⠸⠧⠊⠇⠰,அளவில்
⠥⠗⠞⠰⠞,உரத்த
⠧⠉⠝⠰⠞,வசந்த
⠁⠧⠞⠜⠰⠊⠅⠰⠅⠧⠥⠍⠰,அவதானிக்கவும்
⠅⠥⠷⠝⠰⠞⠌,குழந்தை
⠝⠑⠗⠜⠅,நேராக
⠍⠑⠽⠰,மெய்
⠞⠑⠉⠊⠽,தேசிய
⠁⠅⠗⠜⠞⠊⠽⠊⠇⠰,அகராதியில்
⠏⠜⠇⠰,பால்
⠧⠑⠅,வேக
⠍⠥⠻⠌,முறை
⠥⠻⠥⠏⠰⠏⠥,உறுப்பு
⠉⠑⠇⠥⠞⠰⠞,செலுத்த
⠧⠽⠞⠥,வயது
⠏⠊⠗⠊⠧⠊⠇⠰,பிரிவில்
⠜⠾⠌,ஆடை
⠍⠑⠅⠍⠰,மேகம்
⠜⠉⠰⠉⠗⠊⠽⠍⠰,ஆச்சரியம்
⠁⠍⠌⠞⠊⠽⠜⠰,அமைதியான
⠅⠇⠰,கல்
⠉⠊⠻⠊⠽,சிறிய
⠑⠻⠥ ⠍⠑⠞⠥⠧⠜⠅ ⠞⠕⠻⠰⠻⠊ ⠁⠑⠻⠥,ஏறு மெதுவாக தொற்றி ஏறு
⠅⠥⠸⠊⠗⠰,குளிர்
⠧⠾⠊⠧⠍⠌⠏⠰⠏⠥,வடிவமைப்பு
⠑⠷⠌,ஏழை
⠝⠊⠻⠌⠽,நிறைய
⠉⠕⠞⠰⠌,சோதனை
⠅⠔⠷⠑,கீழே
⠍⠥⠅⠰⠅⠊⠽,முக்கிய
⠊⠗⠥⠍⠰⠏⠥,இரும்பு
⠭⠻⠰⠻⠌,ஒற்றை
⠅⠥⠉⠰⠉⠊,குச்சி
⠏⠊⠸⠜⠾⠰,பிளாட்
⠊⠗⠥⠏⠞⠰⠞⠊,இருபத்தி
⠞⠕⠇⠰,தோல்
⠉⠊⠗⠊⠏⠰⠏⠥,சிரிப்பு
⠍⠾⠊,மடி
⠕⠾⠰⠾⠌,ஓட்டை
⠅⠥⠞⠊⠅⠰⠅,குதிக்க
⠅⠥⠷⠝⠰⠞⠌,குழந்தை
⠢⠾⠰⠾⠥,எட்டு
⠅⠊⠗⠜⠍⠍⠰,கிராமம்
⠉⠝⠰⠞⠊⠅⠰⠅,சந்திக்க
⠗⠳⠾⠰,ரூட்
⠧⠜⠬⠰⠅,வாங்க
⠥⠽⠗⠰⠞⠰⠞,உயர்த்த
⠞⠔⠗⠰⠅⠰⠅,தீர்க்க
⠥⠇⠕⠅,உலோக
⠢⠰⠰⠏⠞⠌,என்பதை
⠍⠊⠅⠥⠞⠊,மிகுதி
⠑⠷⠥,ஏழு
⠏⠞⠰⠞⠊,பத்தி
⠍⠳⠰⠰⠻⠜⠧⠞⠥,மூன்றாவது
⠏⠕⠅⠇⠜⠍⠜,போகலாமா
⠝⠜⠰⠥⠍⠰,நானும்
⠍⠥⠾⠊,முடி
⠧⠊⠧⠗⠊⠅⠰⠅,விவரிக்க
⠉⠍⠌⠽⠻⠰⠅⠜⠗⠗⠰,சமையற்காரர்
⠞⠗⠌⠽⠊⠇⠰,தரையில்
⠭⠰⠰⠻⠥,ஒன்று
⠊⠞⠰⠰ ⠧⠊⠸⠌⠧⠜⠅,இதன் விளைவாக
⠢⠗⠊⠅⠰⠅,எரிக்க
⠍⠇⠌,மலை
⠏⠜⠞⠥⠅⠜⠏⠰⠏⠜⠰,பாதுகாப்பான
⠏⠳⠰⠌,பூனை
⠝⠳⠻⠰⠻⠜⠼⠰⠾⠊⠰⠰,நூற்றாண்டின்
⠅⠗⠥⠞⠰⠞⠊⠇⠰,கருத்தில்
⠧⠅⠌,வகை
⠉⠾⠰⠾,சட்ட
⠏⠊⠾⠰,பிட்
⠅⠾⠻⠰⠅⠗⠌⠽⠊⠇⠰,கடற்கரையில்
⠏⠊⠗⠞⠊⠽⠌,பிரதியை
⠉⠕⠻⠰⠻⠕⠾⠗⠰,சொற்றொடர்
⠁⠍⠌⠞⠊⠽⠜⠅,அமைதியாக
⠥⠽⠗⠍⠰,உயரம்
⠍⠼⠇⠰,மணல்
⠍⠼⠰,மண்
⠗⠕⠇⠰,ரோல்
⠧⠑⠏⠰⠏⠝⠊⠇⠌,வெப்பநிலை
⠧⠊⠗⠇⠰,விரல்
⠞⠕⠷⠊⠇⠰,தொழில்
⠍⠞⠊⠏⠰⠏⠥,மதிப்பு
⠉⠼⠰⠾⠌,சண்டை
⠏⠕⠽⠰⠽⠌,பொய்யை
⠁⠾⠊⠅⠰⠅,அடிக்க
⠞⠳⠼⠰⠾,தூண்ட
⠊⠽⠻⠰⠅⠌,இயற்கை
⠏⠜⠗⠰⠧⠌,பார்வை
⠥⠼⠗⠰⠧⠥,உணர்வு
⠞⠇⠌⠝⠅⠗⠰,தலைநகர்
⠊⠇⠰⠇⠌,இல்லை
⠝⠜⠻⠰⠅⠜⠇⠊⠽⠊⠇⠰,நாற்காலியில்
⠜⠏⠞⠰⠞⠥,ஆபத்து
⠏⠷⠍⠰,பழம்
⠏⠼⠅⠰⠅⠜⠗,பணக்கார
⠞⠾⠊⠞⠰⠞,தடித்த
⠉⠊⠏⠰⠏⠜⠽⠰,சிப்பாய்
⠉⠑⠽⠇⠰⠍⠥⠻⠌,செயல்முறை
⠉⠑⠽⠇⠰⠏⠾,செயல்பட
⠝⠾⠌⠍⠥⠻⠌⠽⠊⠇⠰,நடைமுறையில்
⠞⠰⠊,தனி
⠅⠾⠊⠰⠍⠜⠰,கடினமான
⠍⠗⠥⠞⠰⠞⠥⠧⠗⠰,மருத்துவர்
⠞⠽⠧⠥ ⠉⠑⠽⠰⠞⠥,தயவு செய்து
⠅⠜⠏⠰⠏⠜⠻⠰⠻⠥,காப்பாற்று
⠝⠼⠰⠏⠅⠇⠰,நண்பகல்
⠏⠽⠊⠗⠰,பயிர்
⠝⠧⠔⠰,நவீன
⠥⠻⠥⠏⠰⠏⠥,உறுப்பு
⠧⠑⠻⠰⠻⠊,வெற்றி
⠍⠜⠼⠧⠗⠰,மாணவர்
⠍⠳⠇⠌⠽⠊⠇⠰,மூலையில்
⠅⠾⠰⠉⠊,கட்சி
⠧⠷⠬⠰⠅⠇⠰,வழங்கல்
⠁⠞⠰⠰,அதன்
⠅⠼⠰⠾⠻⠊⠧⠞⠥,கண்டறிவது
⠍⠕⠞⠊⠗⠞⠰⠞⠌,மோதிரத்தை
⠏⠜⠞⠰⠞⠊⠗⠍⠰,பாத்திரம்
⠏⠳⠉⠰⠉⠊,பூச்சி
⠏⠊⠾⠊⠞⠰⠞⠥,பிடித்து
⠅⠜⠇⠍⠰,காலம்
⠅⠥⠻⠊⠅⠰⠅⠊⠻⠞⠥,குறிக்கிறது
⠗⠑⠾⠊⠽⠕,ரேடியோ
⠏⠑⠉⠊⠰⠜⠗⠰,பேசினார்
⠁⠼⠥⠧⠊⠰⠰,அணுவின்
⠍⠰⠊⠞,மனித
⠧⠗⠇⠜⠻⠰⠻⠊⠇⠰,வரலாற்றில்
⠧⠊⠸⠌⠧⠥,விளைவு
⠍⠊⠰⠰⠉⠜⠗,மின்சார
⠢⠞⠊⠗⠰⠏⠜⠗⠰⠅⠰⠅,எதிர்பார்க்க
⠢⠇⠥⠍⠰⠏⠥,எலும்பு
⠗⠽⠊⠇⠰,ரயில்
⠅⠻⠰⠏⠰⠌,கற்பனை
⠢⠏⠰⠏⠾⠊,எப்படி
⠭⠏⠰⠏⠥⠅⠰⠅⠕⠸⠰⠅⠊⠻⠑⠰⠰,ஒப்புக்கொள்கிறேன்
⠊⠧⠰⠧⠜⠻⠥,இவ்வாறு
⠍⠑⠰⠰⠍⠌⠽⠜⠰,மென்மையான
⠏⠑⠼⠰,பெண்
⠅⠑⠏⠰⠾⠰⠰,கேப்டன்
⠽⠳⠅⠊⠅⠰⠅,யூகிக்க
⠞⠑⠧⠌⠽⠜⠰,தேவையான
⠅⠳⠗⠰⠍⠌⠽⠜⠰,கூர்மையான
⠧⠇⠞⠥⠉⠜⠗⠊,வலதுசாரி
⠥⠗⠥⠧⠜⠅⠰⠅,உருவாக்க
⠁⠼⠰⠾⠌,அண்டை
⠅⠷⠥⠧⠥⠍⠰,கழுவும்
⠏⠑⠾⠰⠾⠊⠬⠰,பேட்டிங்
⠍⠜⠻⠜⠅,மாறாக
⠅⠳⠾⠰⠾⠞⠰⠞⠊⠇⠰,கூட்டத்தில்
⠉⠕⠸⠍⠰,சோளம்
⠭⠏⠰⠏⠊⠾⠰⠾⠥,ஒப்பிட்டு
⠅⠧⠊⠞⠌⠽⠌,கவிதையை
⠉⠗⠍⠰,சரம்
⠍⠼⠊,மணி
⠉⠜⠗⠰⠝⠰⠞⠊⠗⠥⠅⠰⠅⠊⠻⠞⠥,சார்ந்திருக்கிறது
⠊⠻⠌⠉⠰⠉⠊,இறைச்சி
⠞⠥⠾⠌⠏⠰⠏⠜⠰⠰,துடைப்பான்
⠅⠥⠷⠜⠽⠰,குழாய்
⠏⠊⠗⠏⠇⠍⠜⠰,பிரபலமான
⠾⠜⠇⠗⠰,டாலர்
⠎⠰⠾⠰⠗⠔⠍⠰,ஸ்ட்ரீம்
⠏⠽⠍⠰,பயம்
⠏⠜⠗⠰⠧⠌,பார்வை
⠍⠑⠇⠰⠇⠊⠽,மெல்லிய
⠍⠥⠅⠰⠅⠕⠼,முக்கோண
⠅⠊⠗⠅⠞⠰⠞⠊⠰⠰,கிரகத்தின்
⠁⠧⠉⠗⠍⠰,அவசரம்
⠞⠇⠌⠍⠌,தலைமை
⠅⠜⠇⠰⠊,காலனி
⠅⠾⠊⠅⠜⠗,கடிகார
⠢⠰⠰⠰⠥⠾⠌⠽,என்னுடைய
⠾⠌,டை
⠝⠥⠷⠌⠽,நுழைய
⠍⠥⠅⠰⠅⠊⠽,முக்கிய
⠏⠥⠞⠊⠽,புதிய
⠞⠑⠾⠇⠰,தேடல்
⠁⠰⠥⠏⠰⠏⠥,அனுப்பு
⠍⠒⠰⠉⠸⠰,மஞ்சள்
⠞⠥⠏⠰⠏⠜⠅⠰⠅⠊,துப்பாக்கி
⠁⠰⠥⠍⠞⠊⠅⠰⠅,அனுமதிக்க
⠁⠉⠰⠉⠥,அச்சு
⠊⠻⠝⠰⠞,இறந்த
⠎⠰⠏⠜⠾⠰,ஸ்பாட்
⠏⠜⠇⠌⠧⠰,பாலைவன
⠧⠷⠅⠰⠅⠥,வழக்கு
⠝⠾⠏⠰⠏⠥,நடப்பு
⠇⠊⠏⠰⠾⠰,லிப்ட்
⠥⠽⠗⠰⠝⠰⠞⠞⠥,உயர்ந்தது
⠧⠗⠥⠍⠰,வரும்
⠍⠜⠎⠰⠾⠗⠰,மாஸ்டர்
⠏⠜⠾⠇⠰,பாடல்
⠏⠑⠻⠰⠻⠕⠗⠰,பெற்றோர்
⠅⠗⠌⠽⠊⠇⠰,கரையில்
⠏⠊⠗⠊⠧⠥,பிரிவு
⠞⠜⠸⠰,தாள்
⠏⠕⠗⠥⠸⠰,பொருள்
⠉⠜⠞⠅⠍⠜⠅,சாதகமாக
⠊⠼⠌⠅⠰⠅,இணைக்க
⠏⠊⠰⠰,பின்
⠉⠑⠇⠧⠥,செலவு
⠝⠜⠼⠰,நாண்
⠅⠕⠷⠥⠏⠰⠏⠥,கொழுப்பு
⠍⠅⠊⠷⠰⠉⠰⠉⠊,மகிழ்ச்சி
⠁⠉⠇⠰,அசல்
⠏⠬⠰⠅⠥,பங்கு
⠝⠊⠇⠌⠽⠍⠰,நிலையம்
⠞⠝⠰⠞⠌,தந்தை
⠗⠕⠾⠰⠾⠊,ரொட்டி
⠧⠉⠳⠇⠊⠅⠰⠅,வசூலிக்க
⠍⠥⠻⠌⠽⠜⠰,முறையான
⠏⠾⠰⠾⠊⠽⠊⠇⠰,பட்டியில்
⠧⠜⠽⠰⠏⠰⠏⠌,வாய்ப்பை
⠏⠊⠗⠊⠧⠥,பிரிவு
⠁⠾⠊⠍⠌,அடிமை
⠍⠳⠷⠰⠅⠥,மூழ்கு
⠥⠾⠰⠾⠊,உடனடி
⠉⠝⠰⠞⠌,சந்தை
⠏⠾⠰⠾⠍⠰,பட்டம்
⠧⠊⠗⠊⠧⠥⠏⠰⠏⠾⠥⠞⠰⠞,விரிவுப்படுத்த
⠅⠥⠒⠰⠉⠥,குஞ்சு
⠁⠰⠰⠏⠑,அன்பே
⠏⠅⠌⠧⠰⠰,பகைவன்
⠏⠞⠊⠇⠰,பதில்
⠏⠜⠰⠍⠰,பானம்
⠑⠻⠰⠏⠾⠥⠍⠰,ஏற்படும்
⠜⠞⠗⠧⠥,ஆதரவு
⠏⠑⠉⠰⠉⠥,பேச்சு
⠊⠽⠻⠰⠅⠌⠽⠊⠰⠰,இயற்கையின்
⠢⠇⠰⠇⠌,எல்லை
⠝⠔⠗⠜⠧⠊,நீராவி
⠊⠽⠅⠰⠅⠍⠰,இயக்கம்
⠏⠜⠞⠌,பாதை
⠞⠊⠗⠧,திரவ
⠏⠥⠅⠥⠏⠞⠊⠅⠌,புகுபதிகை
⠏⠕⠗⠥⠸⠰,பொருள்
⠔⠧⠥,ஈவு
⠏⠻⠰⠅⠸⠰,பற்கள்
⠯⠑⠇⠰,ஷெல்
⠅⠷⠥⠞⠰⠞⠊⠇⠰,கழுத்தில்
⠜⠅⠰⠉⠊⠚⠰⠰,ஆக்சிஜன்
⠉⠗⠰⠅⠰⠅⠗⠌,சர்க்கரை
⠍⠗⠼⠍⠰,மரணம்
⠁⠷⠅⠜⠰,அழகான
⠞⠊⠻⠰⠰,திறன்
⠏⠑⠼⠰⠅⠸⠰,பெண்கள்
⠉⠔⠉⠰⠰,சீசன்
⠞⠔⠗⠰⠧⠥,தீர்வு
⠅⠊⠗⠑⠾⠥,கிரேடு
⠧⠑⠸⠰⠸⠊,வெள்ளி
⠝⠰⠰⠻⠊,நன்றி
⠅⠊⠸⠌,கிளை
⠏⠕⠾⠰⠾⠊⠽⠊⠇⠰,போட்டியில்
⠍⠌,மை
⠅⠥⠻⠊⠏⠰⠏⠜⠅,குறிப்பாக
⠁⠞⠰⠞⠊,அத்தி
⠏⠽⠍⠰,பயம்
⠏⠊⠗⠍⠰⠍⠜⠼⠰⠾⠍⠜⠰,பிரம்மாண்டமான
⠁⠅⠰⠅⠜,அக்கா
⠥⠗⠥⠅⠰⠅⠥,உருக்கு
⠧⠊⠧⠜⠞⠊⠅⠰⠅,விவாதிக்க
⠍⠥⠰⠰⠰⠕⠅⠰⠅⠊,முன்னோக்கி
⠊⠞⠑,இதே
⠧⠷⠊⠅⠜⠾⠰⠾,வழிகாட்ட
⠁⠰⠥⠏⠧⠍⠰,அனுபவம்
⠍⠞⠊⠏⠰⠏⠑⠼⠰,மதிப்பெண்
⠜⠏⠰⠏⠊⠸⠰,ஆப்பிள்
⠧⠜⠬⠰⠅⠊,வாங்கி
⠞⠇⠌⠍⠌⠽⠊⠇⠜⠰,தலைமையிலான
⠉⠥⠗⠥⠞⠊,சுருதி
⠅⠕⠾⠰,கோட்
⠧⠑⠅⠥⠚⠰,வெகுஜன
⠅⠜⠗⠰⠾⠥,கார்டு
⠊⠉⠌⠅⠰⠅⠥⠷⠥,இசைக்குழு
⠅⠽⠊⠻⠰⠻⠊⠇⠰,கயிற்றில்
⠉⠔⠾⠰⠾⠥,சீட்டு
⠧⠑⠻⠰⠻⠊,வெற்றி
⠅⠰⠧⠥,கனவு
⠍⠜⠇⠌,மாலை
⠝⠊⠇⠌,நிலை
⠚⠳⠰⠰,ஜூன்
⠅⠗⠥⠧⠊,கருவி
⠍⠕⠞⠰⠞,மொத்த
⠁⠾⠊⠏⠰⠏⠾⠌,அடிப்படை
⠍⠼⠍⠰,மணம்
⠏⠸⠰⠸⠞⠰⠞⠜⠅⠰⠅⠊⠇⠰,பள்ளத்தாக்கில்
⠁⠇⠰⠇⠞⠥,அல்லது
⠊⠗⠾⠰⠾⠌,இரட்டை
⠊⠗⠥⠅⠰⠅⠌,இருக்கை
⠞⠕⠾⠗⠰⠝⠰⠞⠥,தொடர்ந்து
⠞⠕⠅⠥⠞⠊,தொகுதி
⠧⠊⠸⠅⠰⠅⠏⠰⠏⠾⠍⠰,விளக்கப்படம்
⠞⠕⠏⠰⠏⠊,தொப்பி
⠧⠊⠻⠰⠅,விற்க
⠧⠑⠻⠰⠻⠊,வெற்றி
⠝⠊⠻⠥⠧⠰⠍⠰,நிறுவனம்
⠅⠷⠊⠞⠰⠞⠜⠇⠰,கழித்தால்
⠝⠊⠅⠷⠰⠧⠥,நிகழ்வு
⠅⠥⠻⠊⠏⠰⠏⠜⠅,குறிப்பாக
⠭⠏⠰⠏⠝⠰⠞⠍⠰,ஒப்பந்தம்
⠞⠥,து
⠅⠜⠇,கால
⠢⠞⠊⠗⠰,எதிர்
⠍⠰⠌⠧⠊,மனைவி
⠅⠜⠇⠼⠊,காலணி
⠞⠕⠸⠰⠏⠾⠰⠾⠌,தோள்பட்டை
⠏⠗⠧⠇⠰,பரவல்
⠑⠻⠰⠏⠜⠾⠥,ஏற்பாடு
⠍⠥⠅⠜⠍⠰,முகாம்
⠅⠼⠰⠾⠥⠏⠊⠾⠊⠞⠰⠞⠇⠰,கண்டுபிடித்தல்
⠏⠗⠥⠞⠰⠞⠊,பருத்தி
⠏⠊⠻⠝⠰⠞,பிறந்த
⠞⠔⠗⠰⠍⠜⠰⠊⠅⠰⠅,தீர்மானிக்க
⠏⠌⠼⠰⠾⠥ ⠁⠁⠸⠧⠥,பைண்டு அளவு
⠭⠰⠰⠏⠞⠥,ஒன்பது
⠾⠊⠗⠅⠰,டிரக்
⠉⠞⠰⠞⠍⠰,சத்தம்
⠝⠊⠇⠌,நிலை
⠧⠜⠽⠰⠏⠰⠏⠥,வாய்ப்பு
⠉⠑⠅⠗⠊⠅⠰⠅,சேகரிக்க
⠅⠾⠌⠽⠌,கடையை
⠝⠔⠾⠰⠾⠊⠅⠰⠅,நீட்டிக்க
⠞⠳⠅⠰⠅⠊,தூக்கி
⠏⠊⠗⠅⠜⠉⠊,பிரகாசி
⠉⠕⠞⠰⠞⠥,சொத்து
⠏⠞⠰⠞⠊⠽⠊⠇⠰,பத்தியில்
⠍⠳⠇⠅⠰⠅⠳⠻⠊⠰⠰,மூலக்கூறின்
⠞⠑⠗⠰⠝⠰⠞⠑⠾⠥,தேர்ந்தெடு
⠞⠧⠻⠥,தவறு
⠉⠜⠍⠰⠏⠇⠰,சாம்பல்
⠍⠔⠼⠰⠾⠥⠍⠰,மீண்டும்
⠞⠑⠧⠌⠏⠰⠏⠾⠥⠅⠊⠻⠞⠥,தேவைப்படுகிறது
⠏⠗⠝⠰⠞,பரந்த
⠞⠽⠜⠗⠰,தயார்
⠥⠏⠰⠏⠥⠂,"உப்பு,"
⠍⠳⠅⠰⠅⠥,மூக்கு
⠏⠰⠰⠍⠌,பன்மை
⠅⠕⠏⠞⠰⠞⠌,கோபத்தை
⠅⠳⠻⠰⠻⠥,கூற்று
⠅⠼⠰⠾⠞⠰⠞⠊⠰⠰,கண்டத்தின்
⠧⠊⠾⠥,விடு
⠞⠊⠻⠰⠰,திறன்
⠞⠊⠻⠰⠰,திறன்
⠅⠗⠥⠅⠰⠅⠇⠌⠏⠰⠏⠥,கருக்கலைப்பு
⠏⠻⠰⠻⠊,பற்றி
⠍⠑⠇⠑,மேலே
⠧⠑⠸⠊⠝⠜⠾⠰⠾⠊⠇⠰,வெளிநாட்டில்
⠊⠇⠰⠇⠜⠞,இல்லாத
⠁⠻⠥⠞⠊,அறுதி
⠍⠥⠻⠰⠻⠊⠇⠥⠍⠰,முற்றிலும்
⠥⠻⠊⠒⠰⠉⠊,உறிஞ்சி
⠞⠥⠯⠰⠏⠊⠗⠽⠕⠅⠍⠰,துஷ்பிரயோகம்
⠅⠇⠰⠧⠊,கல்வி
⠑⠻⠰⠻⠥⠅⠰⠅⠕⠸⠰,ஏற்றுக்கொள்
⠁⠼⠥⠅⠇⠰,அணுகல்
⠧⠊⠏⠞⠰⠞⠥,விபத்து
⠥⠾⠰⠰,உடன்
⠉⠜⠞⠊⠅⠰⠅,சாதிக்க
⠏⠾⠊,படி
⠅⠼⠅⠰⠅⠥,கணக்கு
⠞⠥⠇⠰⠇⠊⠽⠍⠜⠰,துல்லியமான
⠅⠥⠻⠰⠻⠍⠰ ⠉⠜⠾⠰⠾⠥⠅⠊⠰⠰⠻⠰⠗⠰,குற்றம் சாட்டுகின்றனர்
⠁⠾⠌⠽,அடைய
⠉⠜⠞⠰⠌,சாதனை
⠁⠍⠊⠇⠍⠰,அமிலம்
⠭⠏⠰⠏⠥⠅⠰⠅⠕⠸⠰,ஒப்புக்கொள்
⠧⠜⠬⠰⠅,வாங்க
⠍⠥⠷⠥⠧⠞⠥⠍⠰,முழுவதும்
⠝⠜⠾⠅⠍⠰,நாடகம்
⠝⠾⠧⠾⠊⠅⠰⠅⠌,நடவடிக்கை
⠉⠑⠽⠇⠊⠇⠰,செயலில்
⠉⠑⠽⠻⠰⠏⠜⠾⠰⠾⠜⠸⠗⠰,செயற்பாட்டாளர்
⠉⠑⠽⠇⠰⠏⠜⠾⠥,செயல்பாடு
⠝⠾⠊⠅⠗⠰,நடிகர்
⠝⠾⠊⠅⠌,நடிகை
⠥⠼⠰⠍⠌⠽⠜⠰,உண்மையான
⠥⠼⠰⠍⠌⠽⠊⠇⠰,உண்மையில்
⠧⠊⠸⠍⠰⠏⠗⠍⠰,விளம்பரம்
⠞⠷⠥⠧⠊,தழுவி
⠅⠳⠾⠰⠾⠥,கூட்டு
⠅⠳⠾⠥⠞⠇⠜⠅,கூடுதலாக
⠅⠳⠾⠥⠞⠇⠰,கூடுதல்
⠍⠥⠅⠧⠗⠊,முகவரி
⠏⠕⠞⠥⠍⠜⠰,போதுமான
⠉⠗⠊⠉⠑⠽⠰⠽⠧⠥⠍⠰,சரிசெய்யவும்
⠉⠗⠊⠉⠑⠽⠰⠞⠇⠰,சரிசெய்தல்
⠝⠊⠗⠰⠧⠜⠅⠍⠰,நிர்வாகம்
⠝⠊⠗⠰⠧⠜⠅⠊,நிர்வாகி
⠗⠉⠊⠅⠰⠅⠊⠻⠞⠥,ரசிக்கிறது
⠉⠑⠗⠰⠅⠰⠅⠌,சேர்க்கை
⠭⠏⠰⠏⠥⠅⠰⠅⠕⠸⠰,ஒப்புக்கொள்
⠊⠸⠍⠰⠏⠑⠼⠰,இளம்பெண்
⠞⠞⠰⠞⠑⠾⠥⠅⠰⠅,தத்தெடுக்க
⠧⠽⠞⠥ ⠧⠝⠰⠞⠕⠗⠰,வயது வந்தோர்
⠍⠥⠰⠰⠅⠳⠾⠰⠾⠊⠽⠑,முன்கூட்டியே
⠍⠑⠍⠰⠏⠾⠥⠞⠰⠞⠏⠾⠰⠾,மேம்படுத்தபட்ட
⠝⠰⠰⠍⠌,நன்மை
⠉⠜⠅⠉⠍⠰,சாகசம்
⠧⠊⠸⠍⠰⠏⠗⠍⠰,விளம்பரம்
⠜⠇⠕⠉⠰⠌,ஆலோசனை
⠜⠇⠕⠉⠰⠌,ஆலோசனை
⠜⠇⠕⠉⠅⠗⠰,ஆலோசகர்
⠧⠅⠰⠅⠔⠇⠰,வக்கீல்
⠧⠊⠧⠅⠜⠗⠍⠰,விவகாரம்
⠏⠜⠞⠊⠅⠰⠅⠥⠍⠰,பாதிக்கும்
⠧⠜⠬⠰⠅,வாங்க
⠏⠽⠍⠰,பயம்
⠜⠏⠰⠏⠊⠗⠊⠅⠰⠅,ஆப்பிரிக்க
⠜⠏⠰⠏⠊⠗⠊⠅⠰⠅ ⠁⠊⠰⠍⠰ ⠉⠑⠗⠰⠝⠰⠞ ⠁⠁⠍⠑⠗⠊⠅⠰⠅⠗⠰,ஆப்பிரிக்க இனம் சேர்ந்த அமெரிக்கர்
⠏⠊⠻⠅⠥,பிறகு
⠍⠞⠊⠽⠍⠰,மதியம்
⠍⠔⠼⠰⠾⠥⠍⠰,மீண்டும்
⠢⠞⠊⠗⠜⠅,எதிராக
⠧⠽⠞⠥,வயது
⠝⠊⠻⠥⠧⠰⠍⠰,நிறுவனம்
⠝⠊⠅⠷⠰⠉⠰⠉⠊ ⠝⠊⠗⠇⠰,நிகழ்ச்சி நிரல்
⠍⠥⠅⠧⠗⠰,முகவர்
⠍⠥⠗⠾⠰⠾⠥⠞⠰⠞⠰⠍⠜⠰,முரட்டுத்தனமான
⠍⠥⠰⠰⠏⠥,முன்பு
⠭⠏⠰⠏⠥⠅⠰⠅⠕⠸⠰⠅⠊⠻⠑⠰⠰,ஒப்புக்கொள்கிறேன்
⠭⠏⠰⠏⠝⠰⠞⠍⠰,ஒப்பந்தம்
⠧⠊⠧⠉⠜⠽,விவசாய
⠍⠥⠰⠰⠰⠜⠇⠰,முன்னால்
⠥⠞⠧⠊,உதவி
⠥⠞⠧⠊⠽⠜⠸⠗⠰,உதவியாளர்
⠢⠽⠰⠾⠰⠎⠰,எய்ட்ஸ்
⠝⠕⠅⠰⠅⠍⠰,நோக்கம்
⠅⠜⠻⠰⠻⠥,காற்று
⠧⠊⠍⠜⠰⠍⠰,விமானம்
⠧⠊⠍⠜⠰ ⠝⠊⠻⠥⠧⠰⠍⠰,விமான நிறுவனம்
⠧⠊⠍⠜⠰ ⠝⠊⠇⠌⠽⠍⠰,விமான நிலையம்
⠜⠇⠰⠏⠍⠰,ஆல்பம்
⠍⠞⠥,மது
⠥⠽⠊⠗⠥⠾⠰⠰,உயிருடன்
⠁⠰⠌⠞⠰⠞⠥,அனைத்து
⠅⠳⠾⠰⠾⠼⠊,கூட்டணி
⠁⠰⠥⠍⠞⠊,அனுமதி
⠝⠾⠰⠏⠥,நட்பு
⠅⠊⠾⠰⠾⠞⠰⠞⠾⠰⠾,கிட்டத்தட்ட
⠞⠰⠊⠽⠜⠅,தனியாக
⠥⠾⠰⠰,உடன்
⠑⠻⠰⠅⠰⠧⠑,ஏற்கனவே
⠍⠑⠇⠥⠍⠰,மேலும்
⠍⠜⠻⠰⠻,மாற்ற
⠍⠜⠻⠰⠻⠥,மாற்று
⠢⠰⠰⠻⠜⠇⠥⠍⠰,என்றாலும்
⠢⠏⠰⠏⠕⠞⠥⠍⠰,எப்போதும்
⠝⠜⠰⠰,நான்
⠁⠻⠰⠏⠥⠞⠍⠜⠰,அற்புதமான
⠁⠍⠑⠗⠊⠅⠰⠅⠰⠰,அமெரிக்கன்
⠍⠞⠰⠞⠊⠽⠊⠇⠰,மத்தியில்
⠞⠕⠅⠌,தொகை
⠭⠗⠥,ஒரு
⠏⠅⠥⠏⠰⠏⠜⠽⠰⠧⠥,பகுப்பாய்வு
⠜⠽⠰⠧⠜⠸⠗⠰,ஆய்வாளர்
⠏⠅⠥⠏⠰⠏⠜⠽⠰⠧⠥,பகுப்பாய்வு
⠏⠼⠰⠾⠌⠽,பண்டைய
⠍⠻⠰⠻⠥⠍⠰,மற்றும்
⠅⠕⠏⠍⠰,கோபம்
⠅⠕⠼⠍⠰,கோணம்
⠅⠕⠏⠍⠰,கோபம்
⠧⠊⠇⠬⠰⠅⠥,விலங்கு
⠜⠼⠰⠾⠥⠧⠊⠷⠜,ஆண்டுவிழா
⠁⠻⠊⠧⠊⠅⠰⠅,அறிவிக்க
⠧⠗⠥⠾⠜⠝⠰⠞⠊⠗,வருடாந்திர
⠍⠻⠰⠻⠕⠰⠰⠻⠥,மற்றொன்று
⠏⠞⠊⠇⠰,பதில்
⠢⠞⠊⠗⠰⠏⠜⠗⠰⠏⠰⠏⠞⠥,எதிர்பார்ப்பது
⠏⠞⠾⠰⠾⠍⠰,பதட்டம்
⠢⠝⠰⠞,எந்த
⠽⠜⠗⠜⠧⠞⠥,யாராவது
⠊⠰⠊,இனி
⠽⠜⠗⠜⠧⠞⠥,யாராவது
⠢⠞⠌⠽⠥⠍⠰,எதையும்
⠢⠏⠰⠏⠾⠊⠽⠥⠍⠰,எப்படியும்
⠢⠬⠰⠅⠥⠍⠰,எங்கும்
⠞⠧⠊⠗,தவிர
⠁⠾⠥⠅⠰⠅⠥⠍⠜⠾⠊ ⠁⠊⠇⠰⠇⠬⠰⠅⠸⠰,அடுக்குமாடி இல்லங்கள்
⠧⠑⠸⠊⠏⠰⠏⠾⠌⠽⠜⠰⠞⠥,வெளிப்படையானது
⠧⠑⠸⠊⠏⠰⠏⠾⠌⠽⠜⠅,வெளிப்படையாக
⠍⠥⠻⠌⠽⠔⠾⠥,முறையீடு
⠞⠕⠰⠰⠻⠥⠍⠰,தோன்றும்
⠞⠕⠻⠰⠻⠍⠰,தோற்றம்
⠜⠏⠰⠏⠊⠸⠰,ஆப்பிள்
⠧⠊⠼⠰⠼⠏⠰⠏⠍⠰,விண்ணப்பம்
⠧⠊⠼⠰⠼⠏⠰⠏⠊⠅⠰⠅⠧⠥⠍⠰,விண்ணப்பிக்கவும்
⠝⠊⠽⠍⠊⠅⠰⠅,நியமிக்க
⠝⠊⠽⠍⠰⠍⠰,நியமனம்
⠏⠜⠗⠜⠾⠰⠾,பாராட்ட
⠁⠼⠥⠅⠥⠍⠥⠻⠌,அணுகுமுறை
⠏⠕⠗⠥⠞⠰⠞⠍⠜⠰,பொருத்தமான
⠭⠏⠰⠏⠥⠞⠇⠰,ஒப்புதல்
⠭⠏⠰⠏⠥⠞⠇⠰,ஒப்புதல்
⠞⠕⠗⠜⠽⠍⠜⠅,தோராயமாக
⠁⠗⠏⠥,அரபு
⠅⠾⠰⠾⠾ ⠧⠾⠊⠧⠍⠌⠏⠰⠏⠜⠸⠗⠰,கட்டட வடிவமைப்பாளர்
⠥⠸⠰⠸⠰,உள்ளன
⠏⠅⠥⠞⠊,பகுதி
⠧⠜⠞⠊⠾⠥⠅⠊⠰⠰⠻⠰⠗⠰,வாதிடுகின்றனர்
⠧⠜⠞⠍⠰,வாதம்
⠢⠷⠥⠅⠊⠰⠰⠻⠰,எழுகின்றன
⠅⠌,கை
⠜⠽⠥⠞⠍⠰,ஆயுதம்
⠊⠗⠜⠼⠥⠧⠍⠰,இராணுவம்
⠉⠥⠻⠰⠻⠊,சுற்றி
⠑⠻⠰⠏⠜⠾⠥,ஏற்பாடு
⠑⠻⠰⠏⠜⠾⠥,ஏற்பாடு
⠅⠌⠞⠥,கைது
⠧⠗⠥⠅⠌,வருகை
⠧⠝⠰⠞⠥,வந்து
⠅⠇⠌,கலை
⠅⠾⠰⠾⠥⠗⠌,கட்டுரை
⠅⠇⠌⠒⠗⠰,கலைஞர்
⠅⠇⠌,கலை
⠢⠰,என
⠜⠉⠊⠽,ஆசிய
⠭⠞⠥⠅⠰⠅⠊,ஒதுக்கி
⠅⠑⠾⠰⠅,கேட்க
⠞⠳⠬⠰⠅⠊,தூங்கி
⠁⠍⠰⠉⠍⠰,அம்சம்
⠞⠜⠅⠰⠅⠥⠞⠇⠰,தாக்குதல்
⠧⠇⠊⠽⠥⠻⠥⠞⠰⠞⠥,வலியுறுத்து
⠍⠞⠊⠏⠰⠏⠔⠾⠥,மதிப்பீடு
⠍⠞⠊⠏⠰⠏⠔⠾⠥,மதிப்பீடு
⠉⠕⠞⠰⠞⠥,சொத்து
⠭⠞⠥⠅⠰⠅,ஒதுக்க
⠏⠼⠊,பணி
⠥⠞⠧⠥,உதவு
⠥⠞⠧⠊,உதவி
⠥⠞⠧⠊⠽⠜⠸⠗⠰,உதவியாளர்
⠊⠼⠌,இணை
⠉⠬⠰⠅⠍⠰,சங்கம்
⠅⠗⠥⠞⠥⠬⠰⠅⠸⠰,கருதுங்கள்
⠁⠰⠥⠍⠜⠰⠍⠰,அனுமானம்
⠥⠻⠥⠞⠊,உறுதி
⠍⠼⠊⠅⠰⠅⠥,மணிக்கு
⠞⠾⠅⠸,தடகள
⠞⠾⠅⠸,தடகள
⠧⠸⠊⠍⠼⠰⠾⠇⠍⠰,வளிமண்டலம்
⠁⠼⠥,அணு
⠊⠼⠌⠅⠰⠅⠧⠥⠍⠰,இணைக்கவும்
⠞⠜⠅⠰⠅⠥⠞⠇⠰,தாக்குதல்
⠍⠥⠽⠻⠰⠉⠊,முயற்சி
⠅⠇⠝⠰⠞⠥ ⠅⠕⠸⠰⠸,கலந்து கொள்ள
⠅⠧⠰⠍⠰,கவனம்
⠁⠼⠥⠅⠥⠍⠥⠻⠌,அணுகுமுறை
⠧⠷⠅⠰⠅⠻⠊⠒⠗⠰,வழக்கறிஞர்
⠔⠗⠰⠅⠰⠅,ஈர்க்க
⠅⠧⠗⠰⠉⠰⠉⠊⠅⠗⠍⠜⠰,கவர்ச்சிகரமான
⠏⠼⠰⠏⠥,பண்பு
⠏⠜⠗⠰⠧⠌⠽⠜⠸⠗⠰⠅⠸⠰,பார்வையாளர்கள்
⠝⠳⠇⠜⠉⠊⠗⠊⠽⠗⠰,நூலாசிரியர்
⠁⠞⠊⠅⠜⠗⠍⠰,அதிகாரம்
⠜⠾⠰⠾⠕,ஆட்டோ
⠅⠊⠾⠌⠅⠰⠅⠥⠍⠰,கிடைக்கும்
⠉⠗⠜⠉⠗⠊,சராசரி
⠞⠧⠊⠗⠰⠅⠰⠅⠧⠥⠍⠰,தவிர்க்கவும்
⠧⠊⠗⠥⠞⠥,விருது
⠞⠑⠗⠊⠽⠥⠍⠰,தெரியும்
⠧⠊⠷⠊⠏⠰⠏⠥⠼⠗⠰⠧⠥,விழிப்புணர்வு
⠞⠕⠇⠌⠧⠊⠇⠰,தொலைவில்
⠏⠗⠊⠞⠜⠏⠍⠰,பரிதாபம்
⠅⠥⠷⠝⠰⠞⠌,குழந்தை
⠍⠔⠼⠰⠾⠥⠍⠰,மீண்டும்
⠏⠊⠰⠰⠰⠼⠊,பின்னணி
⠍⠕⠉⠍⠜⠰,மோசமான
⠍⠕⠉⠍⠜⠅,மோசமாக
⠏⠌,பை
⠉⠥⠾⠰⠾⠥⠅⠰⠅⠕⠸⠰⠸,சுட்டுக்கொள்ள
⠉⠍⠝⠊⠇⠌,சமநிலை
⠏⠝⠰⠞⠥,பந்து
⠞⠾⠌,தடை
⠊⠉⠌⠅⠰⠅⠥⠷⠥,இசைக்குழு
⠧⠬⠰⠅⠊,வங்கி
⠍⠞⠥⠅⠰⠅⠳⠾⠍⠰,மதுக்கூடம்
⠁⠗⠊⠞⠜⠅⠧⠑,அரிதாகவே
⠏⠔⠏⠰⠏⠜⠽⠰,பீப்பாய்
⠞⠾⠌,தடை
⠁⠾⠊⠞⠰⠞⠸⠍⠰,அடித்தளம்
⠏⠑⠎⠰⠏⠜⠇⠰,பேஸ்பால்
⠁⠾⠊⠏⠰⠏⠾⠌,அடிப்படை
⠁⠾⠊⠏⠰⠏⠾⠌⠽⠊⠇⠰,அடிப்படையில்
⠁⠾⠊⠏⠰⠏⠾⠌,அடிப்படை
⠅⠳⠾⠌,கூடை
⠅⠳⠾⠌⠏⠰⠏⠝⠰⠞⠥,கூடைப்பந்து
⠍⠾⠰⠾⠌,மட்டை
⠅⠥⠸⠊⠽⠇⠻⠌,குளியலறை
⠍⠊⠰⠰⠅⠇⠍⠰,மின்கலம்
⠏⠕⠗⠰,போர்
⠊⠗⠥,இரு
⠅⠾⠻⠰⠅⠗⠌,கடற்கரை
⠏⠔⠰⠰,பீன்
⠞⠜⠬⠰⠅,தாங்க
⠁⠾⠊,அடி
⠁⠷⠅⠥,அழகு
⠁⠷⠅⠥,அழகு
⠑⠰⠑⠰⠊⠇⠰,ஏனெனில்
⠜⠅,ஆக
⠏⠾⠥⠅⠰⠅⠌,படுக்கை
⠏⠾⠥⠅⠰⠅⠌⠽⠻⠌,படுக்கையறை
⠊⠗⠥⠝⠰⠞⠞⠥,இருந்தது
⠏⠔⠗⠰,பீர்
⠍⠥⠰⠰⠏⠥,முன்பு
⠞⠕⠾⠬⠰⠅⠊⠽⠞⠥,தொடங்கியது
⠞⠕⠾⠬⠰⠅,தொடங்க
⠜⠗⠍⠰⠏⠍⠰,ஆரம்பம்
⠝⠾⠞⠰⠞⠌,நடத்தை
⠏⠊⠰⠰⠰⠜⠇⠰,பின்னால்
⠊⠗⠥⠏⠰⠏⠞⠥,இருப்பது
⠝⠍⠰⠏⠊⠅⠰⠅⠌,நம்பிக்கை
⠝⠍⠰⠏⠥,நம்பு
⠍⠼⠊,மணி
⠉⠑⠗⠰⠝⠰⠞⠧⠌,சேர்ந்தவை
⠅⠔⠷⠑,கீழே
⠏⠑⠇⠰⠾⠰,பெல்ட்
⠏⠑⠒⠰⠉⠰,பெஞ்ச்
⠧⠸⠌,வளை
⠅⠔⠷⠑,கீழே
⠝⠰⠰⠍⠌,நன்மை
⠁⠗⠥⠅⠊⠇⠰,அருகில்
⠞⠧⠊⠗,தவிர
⠉⠊⠻⠝⠰⠞,சிறந்த
⠏⠝⠰⠞⠽⠍⠰,பந்தயம்
⠉⠊⠻⠝⠰⠞,சிறந்த
⠊⠾⠌⠽⠑,இடையே
⠁⠏⠰⠏⠜⠇⠰,அப்பால்
⠞⠊⠗⠥⠧⠊⠧⠊⠇⠊⠽⠍⠰,திருவிவிலியம்
⠏⠑⠗⠊⠽,பெரிய
⠥⠝⠰⠞⠥⠥⠗⠥⠸⠊,உந்துஉருளி
⠗ ⠉⠊ ⠞⠥,ர சி து
⠏⠊⠇⠰⠇⠊⠽⠰⠰,பில்லியன்
⠅⠾⠰⠾⠥⠞⠇⠰,கட்டுதல்
⠥⠽⠊⠗⠊⠽⠇⠰,உயிரியல்
⠏⠻⠧⠌,பறவை
⠏⠊⠻⠏⠰⠏⠥,பிறப்பு
⠏⠊⠻⠝⠰⠞ ⠝⠜⠸⠰,பிறந்த நாள்
⠏⠊⠾⠰,பிட்
⠅⠾⠊,கடி
⠅⠗⠥⠏⠰⠏⠥,கருப்பு
⠅⠞⠰⠞⠊,கத்தி
⠅⠥⠻⠰⠻⠍⠰,குற்றம்
⠏⠕⠗⠰⠧⠌,போர்வை
⠅⠥⠗⠥⠾⠰⠾⠥,குருட்டு
⠞⠕⠅⠥⠞⠊,தொகுதி
⠊⠗⠞⠰⠞⠍⠰,இரத்தம்
⠳⠞⠥,ஊது
⠝⠔⠇⠍⠰,நீலம்
⠏⠇⠅⠌,பலகை
⠏⠾⠅⠥,படகு
⠥⠾⠇⠰,உடல்
⠧⠑⠾⠊⠅⠥⠼⠰⠾⠥,வெடிகுண்டு
⠅⠥⠼⠰⠾⠥⠧⠔⠉⠰⠉⠥,குண்டுவீச்சு
⠏⠞⠰⠞⠊⠗⠍⠰,பத்திரம்
⠢⠇⠥⠍⠰⠏⠥,எலும்பு
⠝⠳⠇⠰,நூல்
⠑⠻⠰⠻⠍⠰,ஏற்றம்
⠞⠥⠧⠅⠰⠅,துவக்க
⠢⠇⠰⠇⠌,எல்லை
⠏⠊⠻⠝⠰⠞⠜⠗⠰,பிறந்தார்
⠅⠾⠰⠰,கடன்
⠍⠥⠞⠇⠜⠸⠊,முதலாளி
⠊⠗⠼⠰⠾⠥⠍⠰,இரண்டும்
⠞⠕⠝⠰⠞⠗⠧⠥,தொந்தரவு
⠏⠜⠾⠰⠾⠊⠇⠰,பாட்டில்
⠅⠔⠷⠑,கீழே
⠧⠜⠬⠰⠅⠊⠰⠜⠗⠰,வாங்கினார்
⠢⠇⠰⠇⠌,எல்லை
⠅⠊⠼⠰⠼⠍⠰,கிண்ணம்
⠏⠑⠾⠰⠾⠊,பெட்டி
⠉⠊⠻⠥⠧⠰⠰,சிறுவன்
⠅⠜⠞⠇⠰⠰,காதலன்
⠍⠳⠸⠌,மூளை
⠅⠊⠸⠌,கிளை
⠏⠊⠗⠜⠼⠰⠾⠰,பிராண்ட்
⠗⠕⠾⠰⠾⠊,ரொட்டி
⠊⠾⠌⠧⠑⠸⠌,இடைவேளை
⠅⠜⠇⠌ ⠁⠥⠼⠧⠥,காலை உணவு
⠍⠜⠗⠰⠏⠅⠍⠰,மார்பகம்
⠍⠳⠉⠰⠉⠥,மூச்சு
⠍⠳⠉⠰⠉⠥ ⠧⠊⠾⠥,மூச்சு விடு
⠉⠑⠬⠰⠅⠇⠰,செங்கல்
⠏⠜⠇⠍⠰,பாலம்
⠉⠥⠗⠥⠅⠰⠅⠍⠜⠰,சுருக்கமான
⠉⠥⠗⠥⠅⠰⠅⠍⠜⠅,சுருக்கமாக
⠏⠊⠗⠅⠜⠉⠍⠜⠰,பிரகாசமான
⠏⠥⠞⠰⠞⠊⠉⠜⠇⠊,புத்திசாலி
⠅⠕⠼⠰⠾⠥,கொண்டு
⠏⠊⠗⠊⠾⠰⠾⠊⠯⠰,பிரிட்டிஷ்
⠏⠗⠝⠰⠞,பரந்த
⠥⠾⠌⠝⠰⠞⠞⠥,உடைந்தது
⠥⠾⠌⠝⠰⠞⠞⠥,உடைந்தது
⠉⠅⠕⠞⠗⠰⠰,சகோதரன்
⠅⠕⠼⠰⠾⠥ ⠧⠗⠏⠰⠏⠾⠰⠾⠞⠥,கொண்டு வரப்பட்டது
⠏⠷⠥⠏⠰⠏⠥,பழுப்பு
⠞⠳⠗⠊⠅⠌,தூரிகை
⠏⠅⠰,பக்
⠏⠾⠰⠚⠑⠾⠰,பட்ஜெட்
⠅⠾⠰⠾,கட்ட
⠅⠾⠰⠾⠊⠾⠍⠰,கட்டிடம்
⠞⠕⠾⠰⠾⠜,தோட்டா
⠅⠕⠞⠰⠞⠥,கொத்து
⠉⠥⠍⠌,சுமை
⠢⠗⠊⠅⠰⠅,எரிக்க
⠁⠾⠅⠰⠅⠍⠰,அடக்கம்
⠏⠑⠗⠥⠝⠰⠞⠥,பேருந்து
⠧⠼⠊⠅,வணிக
⠏⠗⠏⠗⠏⠰⠏⠥,பரபரப்பு
⠜⠰⠜⠇⠰,ஆனால்
⠧⠑⠼⠰⠼⠑⠽⠰,வெண்ணெய்
⠏⠕⠞⠰⠞⠜⠰⠌,பொத்தானை
⠧⠜⠬⠰⠅,வாங்க
⠧⠜⠬⠰⠅⠥⠏⠧⠗⠰,வாங்குபவர்
⠍⠳⠇⠍⠰,மூலம்
⠁⠻⠌,அறை
⠍⠝⠰⠞⠊⠗⠊ ⠉⠏⠌,மந்திரி சபை
⠅⠑⠏⠊⠸⠰,கேபிள்
⠅⠑⠅⠰,கேக்
⠅⠼⠅⠰⠅⠊⠾⠥,கணக்கிடு
⠁⠷⠌⠏⠰⠏⠥,அழைப்பு
⠧⠝⠰⠞⠞⠥,வந்தது
⠏⠥⠅⠌⠏⠰⠏⠾ ⠅⠗⠥⠧⠊,புகைப்பட கருவி
⠍⠥⠅⠜⠍⠰,முகாம்
⠏⠊⠗⠉⠰⠉⠜⠗⠍⠰,பிரச்சாரம்
⠧⠸⠜⠅⠍⠰,வளாகம்
⠍⠥⠾⠊⠽⠥⠍⠰,முடியும்
⠅⠰⠾⠊⠽⠰⠰,கனடியன்
⠏⠥⠻⠰⠻⠥⠝⠕⠽⠰,புற்றுநோய்
⠧⠑⠾⠰⠏⠜⠸⠗⠰,வேட்பாளர்
⠞⠕⠏⠰⠏⠊,தொப்பி
⠞⠊⠻⠰⠰,திறன்
⠞⠊⠻⠰⠰ ⠅⠕⠼⠰⠾⠞⠥,திறன் கொண்டது
⠞⠊⠻⠰⠰,திறன்
⠍⠳⠇⠞⠰⠍⠰,மூலதனம்
⠅⠑⠏⠰⠾⠰⠰,கேப்டன்
⠏⠊⠾⠊⠏⠰⠏⠥,பிடிப்பு
⠅⠜⠗⠰,கார்
⠅⠜⠗⠰⠏⠰⠰,கார்பன்
⠁⠾⠰⠾⠌,அட்டை
⠏⠗⠜⠍⠗⠊⠏⠰⠏⠥,பராமரிப்பு
⠞⠕⠷⠊⠇⠰,தொழில்
⠅⠧⠰⠍⠜⠅,கவனமாக
⠅⠧⠰⠍⠜⠅,கவனமாக
⠅⠑⠗⠊⠽⠗⠰,கேரியர்
⠢⠾⠥⠞⠰⠞⠥⠉⠰ ⠉⠑⠇⠰⠇,எடுத்துச் செல்ல
⠧⠷⠅⠰⠅⠥,வழக்கு
⠏⠼⠍⠰,பணம்
⠝⠾⠊,நடி
⠏⠳⠰⠌,பூனை
⠏⠊⠾⠊,பிடி
⠧⠅⠌,வகை
⠅⠞⠰⠞⠕⠇⠊⠅⠰⠅⠗⠰,கத்தோலிக்கர்
⠏⠊⠾⠊⠏⠾⠰⠾⠞⠥,பிடிபட்டது
⠅⠜⠗⠼⠍⠰,காரணம்
⠥⠉⠰⠉⠧⠗⠍⠰⠏⠥,உச்சவரம்பு
⠅⠕⠼⠰⠾⠜⠾⠥⠬⠰⠅⠸⠰,கொண்டாடுங்கள்
⠅⠕⠼⠰⠾⠜⠾⠰⠾⠍⠰,கொண்டாட்டம்
⠏⠊⠗⠏⠇,பிரபல
⠉⠑⠇⠰,செல்
⠉⠑⠰⠰⠾⠰,சென்ட்
⠍⠌⠽⠍⠰,மையம்
⠍⠞⠰⠞⠊⠽,மத்திய
⠝⠳⠻⠰⠻⠜⠼⠰⠾⠥,நூற்றாண்டு
⠞⠇⠌⠍⠌ ⠝⠊⠗⠰⠧⠜⠅ ⠁⠁⠞⠊⠅⠜⠗⠊,தலைமை நிர்வாக அதிகாரி
⠧⠊⠷⠜,விழா
⠥⠻⠥⠞⠊⠽⠜⠰,உறுதியான
⠝⠊⠉⠰⠉⠽⠍⠜⠅,நிச்சயமாக
⠉⠬⠰⠅⠊⠇⠊,சங்கிலி
⠝⠜⠻⠰⠅⠜⠇⠊,நாற்காலி
⠞⠇⠌⠧⠗⠰,தலைவர்
⠉⠧⠜⠇⠰,சவால்
⠁⠻⠌,அறை
⠉⠜⠍⠰⠏⠊⠽⠰⠰,சாம்பியன்
⠉⠜⠍⠰⠏⠊⠽⠰⠰⠯⠊⠏⠰,சாம்பியன்ஷிப்
⠧⠜⠽⠰⠏⠰⠏⠥,வாய்ப்பு
⠍⠜⠻⠰⠻⠍⠰,மாற்றம்
⠍⠜⠻⠥⠍⠰,மாறும்
⠉⠑⠰⠇⠰,சேனல்
⠁⠞⠰⠞⠊⠽⠜⠽⠍⠰,அத்தியாயம்
⠏⠜⠞⠰⠞⠊⠗⠍⠰,பாத்திரம்
⠏⠼⠰⠏⠥,பண்பு
⠅⠥⠼⠜⠞⠊⠉⠽⠍⠰,குணாதிசயம்
⠅⠾⠰⠾⠼⠍⠰,கட்டணம்
⠞⠕⠼⠰⠾⠥,தொண்டு
⠧⠊⠸⠅⠰⠅⠏⠰⠏⠾⠍⠰,விளக்கப்படம்
⠞⠥⠗⠞⠰⠞⠥,துரத்து
⠍⠇⠊⠧⠜⠰,மலிவான
⠅⠜⠉⠕⠇⠌,காசோலை
⠅⠰⠰⠰⠍⠰,கன்னம்
⠉⠔⠎⠰,சீஸ்
⠉⠍⠌⠽⠇⠰⠅⠜⠗⠗⠰,சமையல்காரர்
⠊⠗⠉⠜⠽⠰,இரசாயன
⠍⠜⠗⠰⠏⠥,மார்பு
⠅⠥⠒⠰⠉⠥,குஞ்சு
⠅⠕⠷⠊,கோழி
⠞⠇⠌⠍⠌,தலைமை
⠅⠥⠷⠝⠰⠞⠌,குழந்தை
⠅⠥⠷⠝⠰⠞⠌⠏⠰⠏⠗⠥⠧⠍⠰,குழந்தைப்பருவம்
⠅⠥⠷⠝⠰⠞⠌⠅⠸⠰,குழந்தைகள்
⠉⠔⠰,சீன
⠉⠊⠏⠰,சிப்
⠉⠜⠅⠰⠇⠑⠾⠰,சாக்லேட்
⠞⠑⠗⠰⠧⠥,தேர்வு
⠅⠕⠷⠥⠏⠰⠏⠥,கொழுப்பு
⠞⠑⠗⠰⠧⠥ ⠉⠑⠽⠰⠽⠧⠥⠍⠰,தேர்வு செய்யவும்
⠝⠜⠼⠰,நாண்
⠅⠊⠻⠊⠎⠰⠞⠥⠧⠗⠰,கிறிஸ்துவர்
⠅⠊⠻⠊⠎⠰⠞⠥⠍⠎⠰,கிறிஸ்துமஸ்
⠞⠑⠧⠜⠇⠽⠍⠰,தேவாலயம்
⠉⠊⠅⠗⠑⠾⠰,சிகரெட்
⠧⠾⠰⠾⠍⠰,வட்டம்
⠉⠳⠷⠰⠝⠊⠇⠌,சூழ்நிலை
⠍⠑⠻⠰⠅⠕⠸⠰,மேற்கோள்
⠅⠥⠾⠊⠍⠅⠰⠰,குடிமகன்
⠝⠅⠗⠍⠰,நகரம்
⠉⠊⠧⠊⠇⠰,சிவில்
⠅⠥⠾⠊⠍⠅⠰⠰,குடிமகன்
⠅⠳⠻⠰⠻⠥,கூற்று
⠧⠗⠰⠅⠰⠅⠍⠰,வர்க்கம்
⠉⠑⠝⠰⠞⠗⠍⠰,செந்தரம்
⠧⠅⠥⠏⠰⠏⠻⠌,வகுப்பறை
⠉⠥⠞⠰⠞⠍⠜⠰,சுத்தமான
⠞⠑⠸⠊⠧⠜⠰,தெளிவான
⠞⠑⠸⠊⠧⠜⠅,தெளிவாக
⠧⠜⠾⠊⠅⠰⠅⠌⠽⠜⠸⠗⠰,வாடிக்கையாளர்
⠅⠜⠇⠝⠊⠇⠌,காலநிலை
⠑⠻⠥,ஏறு
⠉⠊⠅⠊⠉⠰⠉⠌⠽⠅⠍⠰,சிகிச்சையகம்
⠍⠗⠥⠞⠰⠞⠥⠧,மருத்துவ
⠅⠾⠊⠅⠜⠗⠍⠰,கடிகாரம்
⠝⠑⠗⠥⠅⠰⠅⠍⠜⠰,நெருக்கமான
⠝⠑⠗⠥⠅⠰⠅⠍⠜⠅,நெருக்கமாக
⠝⠑⠗⠥⠅⠰⠅⠍⠜⠅,நெருக்கமாக
⠜⠾⠌,ஆடை
⠜⠾⠌⠅⠸⠰,ஆடைகள்
⠜⠾⠌,ஆடை
⠍⠑⠅⠍⠰,மேகம்
⠉⠬⠰⠅⠍⠰,சங்கம்
⠞⠥⠏⠰⠏⠥,துப்பு
⠅⠕⠞⠰⠞⠥,கொத்து
⠏⠽⠊⠻⠰⠉⠊⠽⠜⠸⠗⠰,பயிற்சியாளர்
⠝⠊⠇⠅⠰⠅⠗⠊,நிலக்கரி
⠅⠳⠾⠰⠾⠼⠊,கூட்டணி
⠅⠾⠻⠰⠅⠗⠌,கடற்கரை
⠅⠕⠾⠰,கோட்
⠅⠥⠻⠊⠽⠔⠾⠥,குறியீடு
⠅⠕⠾⠰⠾⠌⠧⠾⠊ ⠝⠔⠗⠰,கொட்டைவடி நீர்
⠁⠻⠊⠧⠜⠻⠰⠻⠇⠰,அறிவாற்றல்
⠅⠥⠸⠊⠗⠰,குளிர்
⠉⠗⠊⠧⠥,சரிவு
⠉⠅ ⠁⠳⠷⠊⠽⠗⠰,சக ஊழியர்
⠞⠊⠗⠾⠰⠾⠥⠞⠇⠰,திரட்டுதல்
⠉⠑⠅⠗⠊⠏⠰⠏⠥,சேகரிப்பு
⠅⠳⠾⠰⠾⠥,கூட்டு
⠅⠇⠰⠇⠳⠗⠊,கல்லூரி
⠅⠜⠇⠰⠊⠞⠰⠞⠥⠧,காலனித்துவ
⠅⠜⠇⠰⠊,காலனி
⠝⠊⠻⠍⠰,நிறம்
⠝⠑⠾⠥⠧⠗⠊⠉⠌,நெடுவரிசை
⠉⠑⠗⠰⠅⠰⠅⠌,சேர்க்கை
⠊⠼⠌,இணை
⠧⠜,வா
⠝⠅⠌⠉⠰⠉⠥⠧⠌,நகைச்சுவை
⠜⠻⠥⠞⠇⠰,ஆறுதல்
⠧⠉⠞⠊⠽⠜⠰,வசதியான
⠅⠾⠰⠾⠸⠌,கட்டளை
⠞⠸⠏⠞⠊,தளபதி
⠅⠗⠥⠞⠰⠞⠥,கருத்து
⠧⠼⠊⠅,வணிக
⠞⠗⠅⠥,தரகு
⠥⠻⠥⠞⠊,உறுதி
⠁⠗⠰⠏⠰⠏⠼⠊⠏⠰⠏⠥,அர்ப்பணிப்பு
⠅⠥⠷⠥,குழு
⠏⠕⠞⠥⠧⠜⠰,பொதுவான
⠞⠕⠾⠗⠰⠏⠥,தொடர்பு
⠞⠕⠾⠗⠰⠏⠥,தொடர்பு
⠉⠍⠳⠅,சமூக
⠝⠊⠻⠥⠧⠰⠍⠰,நிறுவனம்
⠭⠏⠰⠏⠊⠾⠥⠅,ஒப்பிடுக
⠭⠏⠰⠏⠔⠾⠥,ஒப்பீடு
⠏⠕⠾⠰⠾⠊⠽⠊⠾,போட்டியிட
⠏⠕⠾⠰⠾⠊,போட்டி
⠏⠕⠾⠰⠾⠊,போட்டி
⠏⠕⠾⠰⠾⠊⠽⠜⠸⠗⠰,போட்டியாளர்
⠏⠥⠅⠜⠗⠰,புகார்
⠏⠥⠅⠜⠗⠰,புகார்
⠍⠥⠷⠥⠍⠌,முழுமை
⠍⠥⠻⠰⠻⠊⠇⠥⠍⠰,முற்றிலும்
⠉⠊⠅⠰⠅⠇⠜⠰,சிக்கலான
⠉⠊⠅⠰⠅⠇⠜⠰,சிக்கலான
⠅⠳⠻⠥,கூறு
⠢⠷⠥⠞⠥,எழுது
⠅⠇⠧⠌,கலவை
⠧⠊⠗⠊⠧⠜⠰,விரிவான
⠅⠼⠊⠰⠊,கணினி
⠅⠧⠰⠍⠰ ⠉⠑⠇⠥⠞⠰⠞⠥,கவனம் செலுத்து
⠉⠑⠻⠊⠧⠥,செறிவு
⠅⠗⠥⠞⠰⠞⠥,கருத்து
⠁⠅⠰⠅⠻⠌,அக்கறை
⠉⠍⠰⠏⠝⠰⠞⠏⠰⠏⠾⠰⠾,சம்பந்தப்பட்ட
⠅⠉⠰⠉⠑⠗⠊,கச்சேரி
⠍⠥⠾⠊⠧⠥⠅⠰⠅⠥,முடிவுக்கு
⠍⠥⠾⠊⠧⠥⠗⠌,முடிவுரை
⠅⠜⠰⠰⠅⠊⠗⠔⠾⠰,கான்கிரீட்
⠝⠊⠇⠌,நிலை
⠝⠾⠞⠰⠞,நடத்த
⠍⠜⠝⠜⠾⠥,மாநாடு
⠝⠍⠰⠏⠊⠅⠰⠅⠌,நம்பிக்கை
⠝⠍⠰⠏⠊⠅⠰⠅⠌,நம்பிக்கை
⠥⠻⠥⠞⠊⠏⠰⠏⠾⠥⠞⠰⠞⠥,உறுதிப்படுத்து
⠍⠕⠞⠇⠰,மோதல்
⠢⠞⠊⠗⠰⠅⠕⠸⠰⠸,எதிர்கொள்ள
⠅⠥⠷⠏⠰⠏⠍⠰,குழப்பம்
⠅⠜⠬⠰⠅⠊⠗⠎⠰,காங்கிரஸ்
⠅⠜⠬⠰⠅⠊⠗⠎⠰,காங்கிரஸ்
⠊⠼⠌,இணை
⠊⠼⠌⠏⠰⠏⠥,இணைப்பு
⠥⠼⠗⠰⠧⠥,உணர்வு
⠭⠗⠥⠍⠊⠞⠰⠞ ⠅⠗⠥⠞⠰⠞⠥,ஒருமித்த கருத்து
⠧⠊⠸⠌⠧⠥,விளைவு
⠏⠷⠍⠌⠧⠜⠞,பழமைவாத
⠅⠗⠥⠞⠥⠅⠊⠰⠰⠻⠰⠗⠰,கருதுகின்றனர்
⠅⠼⠊⠉⠍⠜⠰,கணிசமான
⠅⠗⠥⠞⠰⠞⠊⠇⠰,கருத்தில்
⠅⠕⠼⠰⠾⠊⠗⠥⠅⠰⠅⠥⠍⠰,கொண்டிருக்கும்
⠝⠊⠇⠌⠽⠜⠰,நிலையான
⠍⠑⠽⠰,மெய்
⠝⠊⠇⠌⠽⠜⠰,நிலையான
⠞⠕⠾⠗⠰⠝⠰⠞⠥,தொடர்ந்து
⠥⠗⠥⠧⠜⠅⠰⠅⠥⠅⠊⠰⠰⠻⠰,உருவாக்குகின்றன
⠁⠗⠉⠊⠽⠇⠍⠌⠏⠰⠏⠥,அரசியலமைப்பு
⠅⠾⠰⠾,கட்ட
⠅⠾⠰⠾⠥⠍⠜⠰⠍⠰,கட்டுமானம்
⠜⠇⠕⠉⠅⠗⠰,ஆலோசகர்
⠝⠥⠅⠗⠥⠍⠰,நுகரும்
⠝⠥⠅⠗⠰⠧⠕⠗⠰,நுகர்வோர்
⠝⠥⠅⠗⠰⠧⠥,நுகர்வு
⠞⠕⠾⠗⠰⠏⠥,தொடர்பு
⠅⠕⠼⠰⠾⠊⠗⠥⠅⠰⠅⠥⠍⠰,கொண்டிருக்கும்
⠅⠕⠸⠰⠅⠇⠰⠰,கொள்கலன்
⠉⠍⠅⠜⠇,சமகால
⠥⠸⠰⠸⠾⠅⠰⠅⠍⠰,உள்ளடக்கம்
⠏⠕⠾⠰⠾⠊,போட்டி
⠉⠳⠷⠇⠰,சூழல்
⠅⠼⠰⠾⠍⠰,கண்டம்
⠞⠕⠾⠗⠥⠍⠰,தொடரும்
⠞⠕⠾⠗⠰⠝⠰⠞⠞⠥,தொடர்ந்தது
⠭⠏⠰⠏⠝⠰⠞,ஒப்பந்த
⠍⠜⠻⠜⠅,மாறாக
⠏⠬⠰⠅⠸⠊⠏⠰⠏⠥,பங்களிப்பு
⠏⠬⠰⠅⠸⠊⠏⠰⠏⠥,பங்களிப்பு
⠅⠾⠰⠾⠥⠏⠰⠏⠜⠾⠥,கட்டுப்பாடு
⠉⠗⠰⠉⠰⠉⠌⠅⠰⠅⠥⠗⠊⠽,சர்ச்சைக்குரிய
⠉⠗⠰⠉⠰⠉⠌,சர்ச்சை
⠍⠜⠝⠜⠾⠥,மாநாடு
⠧⠷⠅⠰⠅⠍⠜⠰,வழக்கமான
⠥⠗⠌⠽⠜⠾⠇⠰,உரையாடல்
⠍⠜⠻⠰⠻⠥,மாற்று
⠝⠍⠰⠏⠊⠅⠰⠅⠌,நம்பிக்கை
⠉⠍⠜⠞⠜⠰⠏⠰⠏⠾⠥⠞⠰⠞⠥,சமாதானப்படுத்து
⠉⠍⠌⠽⠇⠰⠅⠜⠗⠗⠰,சமையல்காரர்
⠅⠥⠅⠰⠅⠔,குக்கீ
⠉⠍⠌⠽⠇⠰,சமையல்
⠅⠥⠸⠊⠗⠰,குளிர்
⠭⠞⠰⠞⠥⠷⠌⠏⠰⠏⠥,ஒத்துழைப்பு
⠏⠕⠇⠔⠎⠰,போலீஸ்
⠉⠍⠜⠸⠊⠅⠰⠅,சமாளிக்க
⠝⠅⠇⠰,நகல்
⠅⠕⠗⠰,கோர்
⠉⠕⠸⠍⠰,சோளம்
⠍⠳⠇⠌⠽⠊⠇⠰,மூலையில்
⠏⠑⠗⠥⠝⠊⠻⠥⠧⠰,பெருநிறுவன
⠍⠜⠝⠅⠗⠜⠾⠰⠉⠊,மாநகராட்சி
⠉⠗⠊,சரி
⠝⠊⠗⠥⠏⠗⠰,நிருபர்
⠉⠑⠇⠧⠥,செலவு
⠏⠗⠥⠞⠰⠞⠊,பருத்தி
⠍⠒⠰⠉⠍⠰,மஞ்சம்
⠍⠥⠾⠊⠽⠥⠍⠰,முடியும்
⠉⠏⠌,சபை
⠜⠇⠕⠉⠅⠗⠰,ஆலோசகர்
⠢⠼⠰⠼,எண்ண
⠢⠞⠊⠗⠰,எதிர்
⠝⠜⠾⠥,நாடு
⠍⠜⠧⠾⠰⠾,மாவட்ட
⠚⠕⠾⠊,ஜோடி
⠞⠌⠗⠊⠽⠍⠰,தைரியம்
⠝⠊⠉⠰⠉⠽⠍⠜⠅,நிச்சயமாக
⠝⠔⠞⠊⠍⠰⠰⠻⠍⠰,நீதிமன்றம்
⠥⠻⠧⠊⠰⠗⠰,உறவினர்
⠅⠧⠗⠰,கவர்
⠅⠧⠗⠑⠚⠰,கவரேஜ்
⠍⠜⠾⠥,மாடு
⠧⠊⠗⠊⠉⠇⠰,விரிசல்
⠅⠌⠧⠊⠰⠌,கைவினை
⠧⠊⠏⠞⠰⠞⠥,விபத்து
⠏⠌⠞⠰⠞⠊⠽⠍⠰,பைத்தியம்
⠅⠊⠗⠔⠍⠰,கிரீம்
⠍⠾⠊⠏⠰⠏⠥,மடிப்பு
⠥⠗⠥⠧⠜⠅⠰⠅,உருவாக்க
⠥⠗⠥⠧⠜⠅⠰⠅⠍⠰,உருவாக்கம்
⠏⠾⠌⠏⠰⠏⠥,படைப்பு
⠥⠽⠊⠗⠊⠰⠍⠰,உயிரினம்
⠅⠾⠰⠰,கடன்
⠅⠥⠷⠥⠧⠊⠰⠗⠰,குழுவினர்
⠅⠥⠻⠰⠻⠍⠰,குற்றம்
⠅⠥⠻⠰⠻⠧⠜⠸⠊,குற்றவாளி
⠝⠑⠗⠥⠅⠰⠅⠾⠊,நெருக்கடி
⠁⠸⠧⠥⠅⠕⠇⠰,அளவுகோல்
⠧⠊⠍⠗⠰⠉⠅⠗⠰,விமர்சகர்
⠍⠥⠅⠰⠅⠊⠽⠍⠜⠰,முக்கியமான
⠞⠊⠻⠰⠜⠽⠰⠧⠥,திறனாய்வு
⠧⠊⠍⠗⠰⠉⠊⠅⠰⠅⠊⠰⠰⠻⠰⠗⠰,விமர்சிக்கின்றனர்
⠏⠽⠊⠗⠰,பயிர்
⠅⠥⠻⠥⠅⠰⠅⠥,குறுக்கு
⠅⠳⠾⠰⠾⠍⠰,கூட்டம்
⠍⠥⠅⠰⠅⠊⠽⠍⠜⠰,முக்கியமான
⠅⠇⠬⠰⠅⠥⠧⠞⠥,கலங்குவது
⠅⠇⠜⠉⠰⠉⠜⠗,கலாச்சார
⠅⠇⠜⠉⠰⠉⠜⠗⠍⠰,கலாச்சாரம்
⠅⠕⠏⠰⠏⠌,கோப்பை
⠜⠗⠰⠧⠍⠜⠅,ஆர்வமாக
⠞⠻⠰⠏⠕⠞⠌⠽,தற்போதைய
⠞⠻⠰⠏⠕⠞⠥,தற்போது
⠏⠜⠾⠞⠰⠞⠊⠾⠰⠾⠍⠰,பாடத்திட்டம்
⠧⠊⠗⠥⠏⠰⠏,விருப்ப
⠧⠜⠾⠊⠅⠰⠅⠌⠽⠜⠸⠗⠰,வாடிக்கையாளர்
⠧⠑⠾⠰⠾⠥,வெட்டு
⠍⠊⠞⠊⠧⠼⠰⠾⠊,மிதிவண்டி
⠁⠏⠰⠏⠜,அப்பா
⠞⠊⠰⠉⠗⠊,தினசரி
⠉⠑⠞⠍⠰,சேதம்
⠝⠾⠰⠍⠰,நடனம்
⠜⠏⠞⠰⠞⠥,ஆபத்து
⠜⠏⠞⠰⠞⠜⠰,ஆபத்தான
⠞⠌⠗⠊⠽⠍⠰,தைரியம்
⠊⠗⠥⠸⠰,இருள்
⠊⠗⠥⠸⠰,இருள்
⠞⠅⠧⠇⠰⠅⠸⠰,தகவல்கள்
⠞⠑⠞⠊,தேதி
⠍⠅⠸⠰,மகள்
⠝⠜⠸⠰,நாள்
⠊⠻⠝⠰⠞,இறந்த
⠭⠏⠰⠏⠝⠰⠞⠍⠰,ஒப்பந்தம்
⠧⠊⠽⠜⠏⠜⠗⠊,வியாபாரி
⠁⠰⠰⠏⠑,அன்பே
⠊⠻⠏⠰⠏⠥,இறப்பு
⠧⠊⠧⠜⠞⠍⠰,விவாதம்
⠅⠾⠰⠰,கடன்
⠞⠉⠜⠏⠰⠞⠍⠰,தசாப்தம்
⠍⠥⠾⠊⠧⠥,முடிவு
⠞⠉⠍,தசம
⠍⠥⠾⠊⠧⠥,முடிவு
⠞⠸⠍⠰,தளம்
⠁⠻⠊⠧⠊⠅⠰⠅⠊⠰⠰⠻⠰,அறிவிக்கின்றன
⠉⠗⠊⠧⠥,சரிவு
⠅⠥⠻⠌⠧⠥,குறைவு
⠜⠷⠍⠜⠰,ஆழமான
⠜⠷⠍⠜⠅,ஆழமாக
⠍⠜⠰⠰,மான்
⠞⠕⠇⠰⠧⠊,தோல்வி
⠏⠜⠞⠥⠅⠜⠅⠰⠅,பாதுகாக்க
⠏⠊⠗⠞⠊⠧⠜⠞⠊,பிரதிவாதி
⠏⠜⠞⠥⠅⠜⠏⠰⠏⠥,பாதுகாப்பு
⠞⠻⠰⠅⠜⠏⠰⠏⠥,தற்காப்பு
⠏⠻⠰⠻⠜⠅⠰⠅⠥⠻⠌,பற்றாக்குறை
⠧⠗⠌⠽⠻⠥,வரையறு
⠝⠊⠉⠰⠉⠽⠍⠜⠅,நிச்சயமாக
⠧⠗⠌⠽⠻⠌,வரையறை
⠏⠾⠰⠾⠍⠰,பட்டம்
⠞⠜⠍⠞⠍⠰,தாமதம்
⠧⠷⠬⠰⠅,வழங்க
⠧⠊⠝⠊⠽⠕⠅⠍⠰,விநியோகம்
⠅⠕⠗⠊⠅⠰⠅⠌,கோரிக்கை
⠚⠰⠝⠜⠽⠅⠍⠰,ஜனநாயகம்
⠚⠰⠝⠜⠽⠅⠧⠜⠞⠊,ஜனநாயகவாதி
⠚⠰⠝⠜⠽⠅,ஜனநாயக
⠝⠊⠗⠳⠏⠊⠅⠰⠅,நிரூபிக்க
⠜⠗⠰⠏⠰⠏⠜⠾⠰⠾⠍⠰,ஆர்ப்பாட்டம்
⠍⠻⠥⠅⠰⠅,மறுக்க
⠞⠥⠻⠌,துறை
⠉⠜⠗⠰⠝⠰⠞⠥,சார்ந்து
⠉⠜⠗⠰⠝⠰⠞⠞⠥,சார்ந்தது
⠉⠜⠗⠰⠝⠰⠞⠥,சார்ந்து
⠉⠊⠞⠰⠞⠗⠊⠅⠰⠅,சித்தரிக்க
⠍⠰ ⠁⠁⠷⠥⠞⠰⠞⠍⠰,மன அழுத்தம்
⠜⠷⠍⠰,ஆழம்
⠞⠥⠼⠌,துணை
⠏⠑⠻,பெற
⠧⠊⠧⠗⠊⠅⠰⠅,விவரிக்க
⠧⠊⠸⠅⠰⠅⠍⠰,விளக்கம்
⠏⠜⠇⠌⠧⠰⠍⠰,பாலைவனம்
⠞⠅⠥⠞⠊,தகுதி
⠧⠾⠊⠧⠍⠌⠏⠰⠏⠥,வடிவமைப்பு
⠧⠾⠊⠧⠍⠌⠏⠰⠏⠜⠸⠗⠰,வடிவமைப்பாளர்
⠜⠉⠌,ஆசை
⠍⠑⠉⠌,மேசை
⠜⠻⠰⠻⠕⠼⠜,ஆற்றொணா
⠊⠗⠥⠝⠰⠞⠜⠇⠥⠍⠰,இருந்தாலும்
⠁⠷⠊⠅⠰⠅,அழிக்க
⠁⠷⠊⠧⠥,அழிவு
⠧⠊⠧⠗⠍⠰,விவரம்
⠧⠊⠗⠊⠧⠜⠰,விரிவான
⠅⠼⠰⠾⠻⠊⠽,கண்டறிய
⠞⠔⠗⠰⠍⠜⠰⠊⠅⠰⠅,தீர்மானிக்க
⠥⠗⠥⠧⠜⠅⠰⠅,உருவாக்க
⠧⠸⠗⠥⠍⠰,வளரும்
⠧⠸⠗⠰⠉⠰⠉⠊,வளர்ச்சி
⠉⠜⠞⠰⠍⠰,சாதனம்
⠁⠗⠰⠏⠰⠏⠼⠊,அர்ப்பணி
⠥⠗⠌⠽⠜⠾⠇⠰,உரையாடல்
⠁⠅⠗⠜⠞⠊,அகராதி
⠉⠑⠽⠰⠞⠞⠥,செய்தது
⠊⠻⠅⠰⠅,இறக்க
⠥⠼⠧⠥,உணவு
⠧⠑⠻⠥⠏⠾⠥⠅⠊⠰⠰⠻⠰,வேறுபடுகின்றன
⠧⠑⠻⠥⠏⠜⠾⠥,வேறுபாடு
⠧⠑⠧⠰⠧⠑⠻⠥,வெவ்வேறு
⠧⠊⠞⠰⠞⠊⠽⠜⠉⠍⠜⠅,வித்தியாசமாக
⠅⠾⠊⠰⠍⠜⠰,கடினமான
⠉⠊⠗⠍⠍⠰,சிரமம்
⠞⠕⠼⠰⠾⠊,தோண்டி
⠾⠊⠚⠊⠾⠰⠾⠇⠰,டிஜிட்டல்
⠏⠗⠊⠍⠜⠼⠍⠰,பரிமாணம்
⠉⠜⠏⠰⠏⠜⠾⠥,சாப்பாடு
⠊⠗⠧⠥ ⠁⠥⠼⠧⠥,இரவு உணவு
⠝⠑⠗⠾⠊,நேரடி
⠞⠊⠉⠌⠽⠊⠇⠰,திசையில்
⠝⠑⠗⠾⠊⠽⠜⠅,நேரடியாக
⠊⠽⠅⠰⠅⠥⠰⠗⠰,இயக்குனர்
⠁⠷⠥⠅⠰⠅⠥,அழுக்கு
⠁⠷⠥⠅⠰⠅⠥,அழுக்கு
⠊⠽⠇⠜⠍⠌,இயலாமை
⠅⠗⠥⠞⠰⠞⠥ ⠧⠑⠻⠥⠏⠜⠾⠥,கருத்து வேறுபாடு
⠍⠻⠌⠝⠰⠞⠥⠧⠊⠾⠥⠍⠰,மறைந்துவிடும்
⠏⠑⠗⠷⠊⠧⠥,பேரழிவு
⠭⠷⠥⠅⠰⠅⠍⠰,ஒழுக்கம்
⠉⠕⠻⠰⠏⠕⠷⠊⠧⠥,சொற்பொழிவு
⠅⠼⠰⠾⠥⠏⠊⠾⠊⠅⠰⠅,கண்டுபிடிக்க
⠅⠼⠰⠾⠥⠏⠊⠾⠊⠏⠰⠏⠥,கண்டுபிடிப்பு
⠏⠜⠅⠥⠏⠜⠾⠥,பாகுபாடு
⠧⠊⠧⠜⠞⠊⠅⠰⠅,விவாதிக்க
⠧⠊⠧⠜⠞⠍⠰,விவாதம்
⠝⠕⠽⠰,நோய்
⠉⠊⠻⠥ ⠞⠾⠰⠾⠥,சிறு தட்டு
⠞⠸⠰⠸⠥⠏⠾⠊,தள்ளுபடி
⠅⠕⠸⠜⠻⠥,கோளாறு
⠅⠜⠾⠰⠉⠊,காட்சி
⠞⠅⠗⠜⠻⠥,தகராறு
⠞⠳⠗⠍⠰,தூரம்
⠞⠕⠇⠌⠧⠊⠇⠰,தொலைவில்
⠞⠰⠊⠞⠰⠞⠥⠧⠍⠜⠰⠞⠥,தனித்துவமானது
⠧⠑⠻⠥⠏⠜⠾⠥,வேறுபாடு
⠧⠑⠻⠥⠏⠾⠥⠞⠰⠞⠊,வேறுபடுத்தி
⠧⠊⠝⠊⠽⠕⠅⠊⠅⠰⠅,விநியோகிக்க
⠧⠊⠝⠊⠽⠕⠅⠍⠰,விநியோகம்
⠍⠜⠧⠾⠰⠾⠍⠰,மாவட்டம்
⠏⠇⠰⠧⠑⠻⠥,பல்வேறு
⠏⠰⠰⠍⠥⠅⠞⠰⠞⠰⠰⠍⠌,பன்முகத்தன்மை
⠏⠊⠗⠊,பிரி
⠏⠊⠗⠊⠧⠥,பிரிவு
⠧⠊⠧⠜⠅⠗⠞⠰⠞⠥,விவாகரத்து
⠾⠊⠢⠰⠰⠁⠑,டிஎன்ஏ
⠉⠑⠽⠰,செய்
⠍⠗⠥⠞⠰⠞⠥⠧⠗⠰,மருத்துவர்
⠜⠧⠼⠍⠰,ஆவணம்
⠉⠑⠽⠰⠽⠥⠍⠰,செய்யும்
⠝⠜⠽⠰,நாய்
⠾⠜⠇⠗⠰,டாலர்
⠥⠸⠰⠝⠜⠾⠰⠾⠥,உள்நாட்டு
⠜⠞⠊⠅⠰⠅⠍⠰,ஆதிக்கம்
⠜⠞⠊⠅⠰⠅⠍⠰,ஆதிக்கம்
⠧⠑⠼⠰⠾⠜⠍⠰,வேண்டாம்
⠍⠥⠾⠊⠝⠰⠞⠞⠥,முடிந்தது
⠅⠞⠧⠥,கதவு
⠊⠗⠾⠰⠾⠌,இரட்டை
⠉⠝⠰⠞⠑⠅⠍⠰,சந்தேகம்
⠅⠔⠷⠰,கீழ்
⠾⠧⠥⠰⠰⠾⠧⠥⠰⠰,டவுன்டவுன்
⠾⠚⠰⠰,டஜன்
⠧⠗⠌⠧⠥,வரைவு
⠊⠷⠥⠞⠰⠞⠥,இழுத்து
⠝⠜⠾⠅⠍⠰,நாடகம்
⠧⠊⠽⠞⠰⠞⠅⠥,வியத்தகு
⠧⠊⠽⠞⠰⠞⠅⠥ ⠍⠥⠻⠌⠽⠊⠇⠰,வியத்தகு முறையில்
⠧⠗⠌,வரை
⠧⠗⠌⠞⠇⠰,வரைதல்
⠅⠰⠧⠥,கனவு
⠥⠾⠌,உடை
⠏⠜⠰⠍⠰,பானம்
⠕⠾⠰⠾⠥,ஓட்டு
⠊⠽⠅⠰⠅⠊,இயக்கி
⠅⠌⠧⠊⠾,கைவிட
⠍⠗⠥⠝⠰⠞⠥,மருந்து
⠥⠇⠗⠰,உலர்
⠧⠜⠞⠰⠞⠥,வாத்து
⠅⠜⠗⠼⠍⠜⠅,காரணமாக
⠏⠕⠞⠥,போது
⠞⠳⠉⠊,தூசி
⠅⠾⠍⠌,கடமை
⠭⠧⠰⠧⠕⠰⠰⠻⠥⠍⠰,ஒவ்வொன்றும்
⠜⠗⠰⠧⠞⠰⠞⠥⠾⠰⠰,ஆர்வத்துடன்
⠅⠜⠞⠥,காது
⠜⠗⠍⠰⠏,ஆரம்ப
⠉⠍⠰⠏⠜⠞⠊,சம்பாதி
⠧⠗⠥⠧⠜⠽⠰,வருவாய்
⠏⠳⠍⠊,பூமி
⠢⠸⠊⠞⠜⠅,எளிதாக
⠢⠸⠊⠞⠜⠅,எளிதாக
⠅⠊⠷⠅⠰⠅⠥,கிழக்கு
⠅⠊⠷⠅⠰⠅⠥,கிழக்கு
⠉⠥⠇⠏⠍⠰,சுலபம்
⠉⠜⠏⠰⠏⠊⠾⠥,சாப்பிடு
⠏⠕⠗⠥⠸⠜⠞⠜⠗,பொருளாதார
⠏⠕⠗⠥⠸⠜⠞⠜⠗⠍⠰,பொருளாதாரம்
⠏⠕⠗⠥⠸⠜⠞⠜⠗ ⠝⠊⠏⠥⠼⠗⠰,பொருளாதார நிபுணர்
⠏⠕⠗⠥⠸⠜⠞⠜⠗⠍⠰,பொருளாதாரம்
⠧⠊⠸⠊⠍⠰⠏⠥,விளிம்பு
⠏⠞⠊⠏⠰⠏⠥,பதிப்பு
⠜⠉⠊⠗⠊⠽⠗⠰,ஆசிரியர்
⠅⠇⠰⠧⠊,கல்வி
⠅⠇⠰⠧⠊,கல்வி
⠅⠇⠰⠧⠊,கல்வி
⠅⠇⠰⠧⠊⠽⠜⠸⠗⠰,கல்வியாளர்
⠧⠊⠸⠌⠧⠥,விளைவு
⠏⠽⠰⠥⠸⠰⠸,பயனுள்ள
⠞⠊⠻⠍⠰⠏⠾,திறம்பட
⠉⠑⠽⠇⠰⠞⠊⠻⠰⠰,செயல்திறன்
⠞⠊⠻⠍⠌⠽⠜⠰,திறமையான
⠍⠥⠽⠻⠰⠉⠊,முயற்சி
⠍⠥⠾⠰⠾⠌,முட்டை
⠢⠾⠰⠾⠥,எட்டு
⠭⠰⠰⠻⠥,ஒன்று
⠍⠥⠞⠊⠽⠧⠗⠰⠅⠸⠰,முதியவர்கள்
⠞⠑⠗⠰⠝⠰⠞⠑⠾⠥⠅⠰⠅⠏⠰⠏⠾⠰⠾⠞⠥,தேர்ந்தெடுக்கப்பட்டது
⠞⠑⠗⠰⠞⠇⠰,தேர்தல்
⠍⠊⠰⠰⠉⠜⠗,மின்சார
⠍⠊⠰⠰⠉⠜⠗⠍⠰,மின்சாரம்
⠍⠊⠰⠰⠰⠼⠥,மின்னணு
⠥⠻⠥⠏⠰⠏⠥,உறுப்பு
⠜⠗⠍⠰⠏,ஆரம்ப
⠭⠷⠊⠅⠰⠅,ஒழிக்க
⠥⠽⠗⠾⠥⠅⠰⠅⠥,உயரடுக்கு
⠧⠑⠻⠥,வேறு
⠧⠑⠻⠥ ⠁⠊⠾⠬⠰⠅⠸⠊⠇⠰,வேறு இடங்களில்
⠍⠊⠰⠰⠰⠒⠰⠉⠇⠰,மின்னஞ்சல்
⠞⠷⠥⠧⠊,தழுவி
⠧⠑⠸⠊⠏⠰⠏⠾⠥⠍⠰,வெளிப்படும்
⠁⠧⠉⠗⠍⠰,அவசரம்
⠥⠍⠊⠷⠰⠧⠥,உமிழ்வு
⠥⠼⠗⠰⠉⠰⠉⠊,உணர்ச்சி
⠥⠼⠗⠰⠉⠰⠉⠊,உணர்ச்சி
⠧⠇⠊⠽⠥⠻⠥⠞⠰⠞⠇⠰,வலியுறுத்தல்
⠧⠇⠊⠽⠥⠻⠥⠞⠰⠞,வலியுறுத்த
⠧⠑⠇⠌,வேலை
⠳⠷⠊⠽⠗⠰,ஊழியர்
⠍⠥⠞⠇⠜⠸⠊,முதலாளி
⠧⠑⠇⠌⠧⠜⠽⠰⠏⠰⠏⠥,வேலைவாய்ப்பு
⠅⠜⠇⠊⠽⠜⠅,காலியாக
⠊⠽⠅⠰⠅⠥,இயக்கு
⠢⠰⠰⠅⠧⠥⠼⠰⠾⠗⠰,என்கவுண்டர்
⠳⠅⠰⠅⠥⠧⠊⠅⠰⠅,ஊக்குவிக்க
⠍⠥⠾⠊⠧⠥,முடிவு
⠢⠞⠊⠗⠊,எதிரி
⠜⠻⠰⠻⠇⠰,ஆற்றல்
⠁⠍⠇⠜⠅⠰⠅⠍⠰,அமலாக்கம்
⠔⠾⠥⠏⠾⠥,ஈடுபடு
⠊⠽⠝⠰⠞⠊⠗⠍⠰,இயந்திரம்
⠏⠕⠻⠊⠽⠜⠸⠗⠰,பொறியாளர்
⠏⠕⠻⠊⠽⠊⠽⠇⠰,பொறியியல்
⠜⠬⠰⠅⠊⠇⠍⠰,ஆங்கிலம்
⠍⠑⠍⠰⠏⠾⠥⠞⠰⠞⠥,மேம்படுத்து
⠁⠰⠥⠏⠧⠊⠅⠰⠅,அனுபவிக்க
⠍⠅⠞⠰⠞⠜⠰,மகத்தான
⠏⠕⠞⠥⠍⠰,போதும்
⠥⠻⠥⠞⠊,உறுதி
⠝⠥⠷⠌⠽,நுழைய
⠝⠊⠻⠥⠧⠰⠍⠰,நிறுவனம்
⠏⠕⠷⠥⠞⠥⠏⠕⠅⠰⠅⠥,பொழுதுபோக்கு
⠍⠥⠷⠥,முழு
⠍⠥⠻⠰⠻⠊⠇⠥⠍⠰,முற்றிலும்
⠝⠥⠷⠌⠧⠥,நுழைவு
⠝⠥⠷⠌⠧⠥,நுழைவு
⠉⠳⠷⠇⠰,சூழல்
⠉⠥⠻⠰⠻⠥⠉⠰⠉⠳⠷⠇⠰,சுற்றுச்சூழல்
⠁⠞⠰⠞⠊⠽⠜⠽⠍⠰,அத்தியாயம்
⠉⠍⠍⠰,சமம்
⠉⠍⠍⠜⠅,சமமாக
⠉⠍⠰⠰,சமன்
⠥⠏⠅⠗⠼⠬⠰⠅⠸⠰,உபகரணங்கள்
⠉⠅⠜⠏⠰⠞⠍⠰,சகாப்தம்
⠏⠊⠷⠌,பிழை
⠞⠏⠰⠏⠊⠅⠰⠅,தப்பிக்க
⠅⠥⠻⠊⠏⠰⠏⠜⠅,குறிப்பாக
⠅⠾⠰⠾⠥⠗⠌,கட்டுரை
⠁⠞⠰⠞⠊⠽⠜⠧⠉⠊⠽⠍⠜⠰,அத்தியாவசியமான
⠁⠾⠊⠏⠰⠏⠾⠌⠽⠊⠇⠰,அடிப்படையில்
⠝⠊⠻⠥⠧,நிறுவ
⠎⠰⠞⠜⠏⠰⠍⠰,ஸ்தாபனம்
⠢⠎⠰⠾⠑⠾⠰,எஸ்டேட்
⠍⠞⠊⠏⠰⠏⠔⠾⠥,மதிப்பீடு
⠍⠥⠞⠇⠊⠽⠰,முதலியன
⠝⠑⠻⠊⠍⠥⠻⠌⠅⠸⠰,நெறிமுறைகள்
⠊⠰,இன
⠌⠗⠕⠏⠰⠏⠊⠽,ஐரோப்பிய
⠍⠞⠊⠏⠰⠏⠔⠾⠥,மதிப்பீடு
⠍⠞⠊⠏⠰⠏⠔⠾⠥,மதிப்பீடு
⠅⠳⠾,கூட
⠉⠜⠽⠬⠰⠅⠜⠇⠍⠰,சாயங்காலம்
⠝⠊⠅⠷⠰⠧⠥,நிகழ்வு
⠊⠻⠥⠞⠊⠽⠊⠇⠰,இறுதியில்
⠢⠏⠰⠏⠕⠞⠥⠍⠰,எப்போதும்
⠭⠧⠰⠧⠕⠗⠥,ஒவ்வொரு
⠁⠰⠌⠧⠗⠥⠍⠰,அனைவரும்
⠞⠊⠰⠍⠥⠍⠰,தினமும்
⠁⠰⠌⠧⠗⠥⠍⠰,அனைவரும்
⠢⠇⠰⠇⠜⠍⠰,எல்லாம்
⠢⠇⠰⠇⠜ ⠁⠊⠾⠬⠰⠅⠸⠊⠇⠥⠍⠰,எல்லா இடங்களிலும்
⠜⠞⠜⠗⠍⠰,ஆதாரம்
⠏⠗⠊⠼⠜⠍⠍⠰,பரிணாமம்
⠥⠗⠥⠧⠜⠅⠥⠍⠰,உருவாகும்
⠉⠗⠊⠽⠜⠰,சரியான
⠉⠗⠊⠽⠜⠅,சரியாக
⠞⠑⠗⠰⠧⠥,தேர்வு
⠜⠽⠰⠧⠥,ஆய்வு
⠥⠞⠜⠗⠼⠍⠜⠅,உதாரணமாக
⠁⠞⠊⠅⠍⠜⠅,அதிகமாக
⠉⠊⠻⠝⠰⠞⠞⠥,சிறந்தது
⠞⠧⠊⠗,தவிர
⠧⠊⠞⠊⠧⠊⠇⠅⠰⠅⠥,விதிவிலக்கு
⠏⠗⠊⠍⠜⠻⠰⠻⠍⠰,பரிமாற்றம்
⠞⠳⠼⠰⠾,தூண்ட
⠥⠻⠰⠉⠜⠅⠍⠜⠰,உற்சாகமான
⠝⠊⠗⠰⠧⠜⠅⠊,நிர்வாகி
⠥⠾⠻⠰⠏⠽⠊⠻⠰⠉⠊,உடற்பயிற்சி
⠅⠜⠾⠰⠉⠊⠏⠰⠏⠾⠥⠞⠰⠞,காட்சிப்படுத்த
⠅⠼⠰⠅⠜⠾⠰⠉⠊,கண்காட்சி
⠥⠸⠰⠸⠰,உள்ளன
⠊⠗⠥⠏⠰⠏⠥,இருப்பு
⠊⠗⠥⠅⠰⠅⠥⠍⠰,இருக்கும்
⠧⠊⠗⠊⠧⠜⠅⠰⠅⠥,விரிவாக்கு
⠧⠊⠗⠊⠧⠜⠅⠰⠅⠍⠰,விரிவாக்கம்
⠢⠞⠊⠗⠰⠏⠜⠗⠰⠅⠰⠅⠊⠻⠕⠍⠰,எதிர்பார்க்கிறோம்
⠢⠞⠊⠗⠰⠏⠜⠗⠰⠏⠰⠏⠥,எதிர்பார்ப்பு
⠉⠑⠇⠧⠥,செலவு
⠧⠊⠇⠌ ⠁⠥⠽⠗⠰⠝⠰⠞⠞⠥,விலை உயர்ந்தது
⠁⠰⠥⠏⠧⠍⠰,அனுபவம்
⠏⠗⠊⠉⠕⠞⠰⠌,பரிசோதனை
⠝⠊⠏⠥⠼⠗⠰,நிபுணர்
⠧⠊⠸⠅⠰⠅,விளக்க
⠧⠊⠸⠅⠰⠅⠍⠰,விளக்கம்
⠧⠑⠾⠊⠅⠰⠅⠥⠍⠰,வெடிக்கும்
⠜⠗⠜⠽,ஆராய
⠧⠑⠾⠊⠏⠰⠏⠥,வெடிப்பு
⠁⠍⠰⠏⠇⠏⠰⠏⠾⠥⠞⠰⠞⠥,அம்பலப்படுத்து
⠝⠑⠗⠊⠾⠥⠧⠞⠥,நேரிடுவது
⠢⠅⠰⠎⠰⠏⠊⠗⠎⠰,எக்ஸ்பிரஸ்
⠧⠑⠸⠊⠏⠰⠏⠜⠾⠥,வெளிப்பாடு
⠝⠔⠾⠰⠾⠊⠅⠰⠅,நீட்டிக்க
⠝⠔⠾⠰⠾⠊⠏⠰⠏⠥,நீட்டிப்பு
⠧⠊⠗⠊⠧⠜⠰,விரிவான
⠁⠸⠧⠥,அளவு
⠧⠑⠸⠊,வெளி
⠅⠳⠾⠥⠞⠇⠰,கூடுதல்
⠁⠉⠜⠞⠜⠗⠼⠍⠜⠰⠞⠥,அசாதாரணமானது
⠞⠔⠧⠊⠗,தீவிர
⠍⠊⠅⠧⠥⠍⠰,மிகவும்
⠅⠼⠰,கண்
⠞⠥⠼⠊,துணி
⠍⠥⠅⠍⠰,முகம்
⠧⠉⠞⠊,வசதி
⠥⠼⠰⠍⠌,உண்மை
⠅⠜⠗⠼⠊,காரணி
⠞⠕⠷⠊⠻⠰⠉⠜⠇⠌,தொழிற்சாலை
⠜⠉⠊⠗⠊⠽⠗⠰,ஆசிரியர்
⠍⠬⠰⠅⠊⠧⠊⠾⠥⠍⠰,மங்கிவிடும்
⠞⠕⠇⠰⠧⠊,தோல்வி
⠞⠕⠇⠰⠧⠊,தோல்வி
⠝⠊⠽⠜⠽⠍⠜⠰,நியாயமான
⠝⠊⠽⠜⠽⠍⠜⠅,நியாயமாக
⠝⠍⠰⠏⠊⠅⠰⠅⠌,நம்பிக்கை
⠧⠔⠷⠰⠉⠰⠉⠊,வீழ்ச்சி
⠏⠷⠅⠰⠅⠍⠜⠰,பழக்கமான
⠅⠥⠾⠥⠍⠰⠏⠍⠰,குடும்பம்
⠏⠊⠗⠏⠇⠍⠜⠰⠞⠥,பிரபலமானது
⠧⠊⠉⠊⠻⠊,விசிறி
⠅⠻⠰⠏⠰⠌,கற்பனை
⠊⠞⠥⠧⠗⠌,இதுவரை
⠏⠼⠰⠼⠌,பண்ணை
⠥⠷⠧⠗⠰,உழவர்
ஃ⠏⠑⠯⠰⠰,ஃபேஷன்
⠧⠑⠅⠍⠜⠅,வேகமாக
⠅⠕⠷⠥⠏⠰⠏⠥,கொழுப்பு
⠧⠊⠞⠊,விதி
⠞⠝⠰⠞⠌,தந்தை
⠞⠧⠻⠥,தவறு
⠞⠽⠧⠥,தயவு
⠏⠊⠾⠊⠞⠰⠞,பிடித்த
⠏⠽⠍⠰,பயம்
⠁⠍⠰⠉⠍⠰,அம்சம்
⠅⠳⠾⠰⠾⠜⠾⠰⠉⠊⠽⠊⠰⠰,கூட்டாட்சியின்
⠅⠾⠰⠾⠼⠍⠰,கட்டணம்
⠳⠾⠰⠾⠊,ஊட்டி
⠥⠼⠗⠰⠅⠊⠻⠑⠰⠰,உணர்கிறேன்
⠥⠼⠗⠰⠧⠥,உணர்வு
⠁⠾⠊,அடி
⠧⠊⠷⠥⠝⠰⠞⠞⠥,விழுந்தது
⠉⠅,சக
⠥⠼⠗⠰⠝⠰⠞⠑⠰⠰,உணர்ந்தேன்
⠏⠑⠼⠰,பெண்
⠧⠑⠇⠊,வேலி
⠉⠊⠇,சில
⠅⠥⠻⠌⠧⠜⠰,குறைவான
⠝⠜⠗⠰,நார்
⠏⠥⠰⠌⠧⠥,புனைவு
⠅⠸⠍⠰,களம்
⠏⠞⠊⠰⠌⠝⠰⠞⠥,பதினைந்து
⠌⠝⠰⠞⠜⠧⠞⠥,ஐந்தாவது
⠌⠍⠰⠏⠞⠥,ஐம்பது
⠁⠞⠰⠞⠊,அத்தி
⠉⠼⠰⠾⠌,சண்டை
⠏⠕⠗⠜⠸⠊,போராளி
⠉⠼⠰⠾⠌,சண்டை
⠥⠗⠥⠧⠍⠰,உருவம்
⠅⠕⠏⠰⠏⠥,கோப்பு
⠝⠊⠗⠏⠰⠏⠥,நிரப்பு
⠏⠾⠍⠰,படம்
⠊⠻⠥⠞⠊,இறுதி
⠊⠻⠥⠞⠊⠽⠜⠅,இறுதியாக
⠝⠊⠞⠊,நிதி
⠝⠊⠞⠊,நிதி
⠅⠼⠰⠾⠥⠏⠊⠾⠊⠅⠰⠅,கண்டுபிடிக்க
⠅⠼⠰⠾⠥⠏⠊⠾⠊⠏⠰⠏⠞⠥,கண்டுபிடிப்பது
⠝⠰⠰⠻⠜⠅,நன்றாக
⠧⠊⠗⠇⠰,விரல்
⠍⠥⠾⠊⠅⠰⠅,முடிக்க
⠞⠔,தீ
⠝⠊⠻⠥⠧⠰⠍⠰,நிறுவனம்
⠍⠥⠞⠇⠊⠇⠰,முதலில்
⠍⠔⠰⠰,மீன்
⠍⠔⠰⠰⠏⠊⠾⠊⠞⠰⠞⠇⠰,மீன்பிடித்தல்
⠏⠕⠗⠥⠞⠰⠞⠍⠰,பொருத்தம்
⠥⠾⠻⠰⠏⠽⠊⠻⠰⠉⠊,உடற்பயிற்சி
⠌⠝⠰⠞⠥,ஐந்து
⠉⠗⠊,சரி
⠅⠕⠾⠊,கொடி
⠉⠥⠾⠗⠰,சுடர்
⠏⠊⠸⠜⠾⠰,பிளாட்
⠉⠥⠧⠌,சுவை
⠞⠏⠰⠏⠊ ⠁⠕⠾⠥,தப்பி ஓடு
⠉⠞⠌,சதை
⠧⠊⠍⠜⠰⠍⠰,விமானம்
⠍⠊⠞⠅⠰⠅,மிதக்க
⠞⠗⠌,தரை
⠕⠾⠰⠾⠍⠰,ஓட்டம்
⠏⠳,பூ
⠔,ஈ
⠅⠧⠰⠍⠰,கவனம்
⠝⠜⠾⠰⠾⠥⠏⠰⠏⠥⠻,நாட்டுப்புற
⠏⠊⠰⠰⠏⠻⠰⠻⠧⠥⠍⠰,பின்பற்றவும்
⠞⠕⠾⠗⠰⠝⠰⠞⠥,தொடர்ந்து
⠥⠼⠧⠥,உணவு
⠅⠜⠇⠰,கால்
⠅⠜⠇⠰⠏⠝⠰⠞⠥,கால்பந்து
⠅⠰⠅⠜⠰,க்கான
⠏⠾⠌,படை
⠧⠑⠸⠊⠝⠜⠾⠰⠾⠥,வெளிநாட்டு
⠅⠜⠾⠥,காடு
⠢⠰⠰⠻⠑⠰⠰⠻⠥⠍⠰,என்றென்றும்
⠍⠻⠝⠰⠞⠥⠧⠊⠾⠥,மறந்துவிடு
⠧⠾⠊⠧⠍⠰,வடிவம்
⠍⠥⠻⠌⠽⠜⠰,முறையான
⠥⠗⠥⠧⠜⠅⠰⠅⠍⠰,உருவாக்கம்
⠍⠥⠰⠰⠰⠜⠸⠰,முன்னாள்
⠉⠳⠞⠰⠞⠊⠗⠍⠰,சூத்திரம்
⠍⠥⠰⠰⠰⠜⠇⠰,முன்னால்
⠁⠞⠊⠗⠰⠯⠰⠾⠍⠰,அதிர்ஷ்டம்
⠍⠥⠰⠰⠰⠕⠅⠰⠅⠊,முன்னோக்கி
⠅⠼⠰⠾⠻⠊⠽⠏⠰⠏⠾⠰⠾⠞⠥,கண்டறியப்பட்டது
⠁⠾⠊⠞⠰⠞⠸⠍⠰,அடித்தளம்
⠝⠊⠻⠥⠧⠰⠗⠰,நிறுவனர்
⠝⠜⠰⠰⠅⠥,நான்கு
⠝⠜⠰⠰⠅⠜⠧⠞⠥,நான்காவது
⠏⠊⠰⠰⠰⠍⠰,பின்னம்
⠉⠾⠰⠾⠅⠍⠰,சட்டகம்
⠅⠾⠰⠾⠍⠌⠏⠰⠏⠥,கட்டமைப்பு
⠊⠇⠧⠉⠍⠰,இலவசம்
⠉⠥⠞⠝⠰⠞⠊⠗⠍⠰,சுதந்திரம்
⠥⠻⠌⠽,உறைய
⠏⠊⠗⠒⠰⠉⠥,பிரஞ்சு
⠁⠞⠊⠗⠰⠧⠑⠼⠰,அதிர்வெண்
⠁⠾⠊⠅⠰⠅⠾⠊,அடிக்கடி
⠁⠾⠊⠅⠰⠅⠾⠊,அடிக்கடி
⠏⠥⠞⠊⠽,புதிய
⠝⠼⠰⠏⠗⠰,நண்பர்
⠝⠾⠰⠏⠜⠅,நட்பாக
⠝⠾⠰⠏⠥,நட்பு
⠊⠗⠥⠝⠰⠞⠥,இருந்து
⠍⠥⠰⠰,முன்
⠏⠷⠍⠰,பழம்
⠑⠍⠜⠻⠰⠻⠍⠰,ஏமாற்றம்
⠢⠗⠊⠏⠕⠗⠥⠸⠰,எரிபொருள்
⠍⠥⠷⠥,முழு
⠍⠥⠷⠥⠍⠌⠽⠜⠅,முழுமையாக
⠧⠑⠾⠊⠅⠰⠅⠌,வேடிக்கை
⠉⠑⠽⠇⠰⠏⠜⠾⠥,செயல்பாடு
⠝⠊⠞⠊,நிதி
⠁⠾⠊⠏⠰⠏⠾⠌,அடிப்படை
⠝⠊⠞⠊,நிதி
⠊⠻⠥⠞⠊ ⠉⠾⠬⠰⠅⠥,இறுதி சடங்கு
⠧⠑⠾⠊⠅⠰⠅⠌,வேடிக்கை
⠞⠸⠏⠜⠾⠬⠰⠅⠸⠰,தளபாடங்கள்
⠍⠑⠇⠥⠍⠰,மேலும்
⠢⠞⠊⠗⠰⠅⠜⠇⠍⠰,எதிர்காலம்
⠜⠞⠜⠽⠍⠰,ஆதாயம்
⠧⠊⠼⠰⠍⠔⠰⠰,விண்மீன்
⠅⠑⠇⠗⠊,கேலரி
⠧⠊⠸⠌⠽⠜⠾⠰⠾⠥,விளையாட்டு
⠅⠥⠍⠰⠏⠇⠰,கும்பல்
⠊⠾⠌⠧⠑⠸⠊,இடைவெளி
⠅⠑⠗⠑⠚⠰,கேரேஜ்
⠞⠕⠾⠰⠾⠍⠰,தோட்டம்
⠏⠳⠼⠰⠾⠥,பூண்டு
⠧⠜⠽⠥,வாயு
⠧⠜⠽⠊⠇⠰,வாயில்
⠉⠑⠅⠗⠊⠅⠰⠅,சேகரிக்க
⠅⠕⠾⠥⠞⠰⠞⠜⠗⠰,கொடுத்தார்
⠕⠗⠊⠰⠉⠰ ⠉⠑⠗⠰⠅⠰⠅⠌⠽⠜⠸⠗⠰,ஓரினச் சேர்க்கையாளர்
⠏⠜⠗⠰⠧⠌,பார்வை
⠅⠊⠽⠗⠰,கியர்
⠏⠜⠇⠊⠰⠍⠰,பாலினம்
⠍⠗⠏⠼⠥,மரபணு
⠏⠕⠞⠥,பொது
⠏⠕⠞⠥⠧⠜⠅,பொதுவாக
⠥⠗⠥⠧⠜⠅⠰⠅,உருவாக்க
⠞⠇⠌⠍⠥⠻⠌,தலைமுறை
⠍⠗⠏⠼⠥,மரபணு
⠍⠑⠰⠰⠍⠌⠽⠜⠰,மென்மையான
⠝⠻⠰⠏⠼⠰⠏⠥⠅⠸⠰ ⠅⠕⠼⠰⠾⠧⠗⠰,நற்பண்புகள் கொண்டவர்
⠍⠑⠞⠥⠧⠜⠅,மெதுவாக
⠚⠑⠗⠰⠍⠰⠰,ஜெர்மன்
⠉⠌⠅⠌,சைகை
⠏⠑⠻⠥,பெறு
⠏⠑⠽⠰,பேய்
⠍⠜⠏⠑⠗⠥⠍⠰,மாபெரும்
⠏⠗⠊⠉⠥,பரிசு
⠏⠗⠊⠉⠸⠊⠞⠰⠞⠞⠥,பரிசளித்தது
⠏⠑⠼⠰,பெண்
⠅⠜⠞⠇⠊,காதலி
⠅⠕⠾⠥,கொடு
⠅⠕⠾⠥⠅⠰⠅⠏⠰⠏⠾⠰⠾⠞⠥,கொடுக்கப்பட்டது
⠍⠅⠊⠷⠰⠉⠰⠉⠊,மகிழ்ச்சி
⠏⠜⠗⠰⠧⠌,பார்வை
⠅⠼⠰⠼⠜⠾⠊,கண்ணாடி
⠥⠇⠅⠸⠜⠧⠊⠽,உலகளாவிய
⠅⠌⠽⠥⠻⠌,கையுறை
⠏⠕,போ
⠊⠇⠅⠰⠅⠥,இலக்கு
⠊⠻⠌⠧⠰⠰,இறைவன்
⠞⠬⠰⠅⠍⠰,தங்கம்
⠞⠬⠰⠅,தங்க
⠅⠕⠇⠰ஃ⠏⠰,கோல்ஃப்
⠏⠕⠽⠰⠧⠊⠾⠰⠾⠞⠥,போய்விட்டது
⠝⠇⠰⠇,நல்ல
⠅⠊⠾⠌⠞⠰⠞⠞⠥,கிடைத்தது
⠜⠾⠰⠉⠊,ஆட்சி
⠁⠗⠉⠥,அரசு
⠅⠧⠗⠰⠰⠗⠰,கவர்னர்
⠏⠊⠾⠊,பிடி
⠞⠗⠍⠰,தரம்
⠏⠾⠊⠏⠰⠏⠾⠊⠽⠜⠅,படிப்படியாக
⠏⠾⠰⠾⠞⠜⠗⠊,பட்டதாரி
⠞⠜⠰⠊⠽,தானிய
⠍⠜⠏⠑⠗⠥⠍⠰,மாபெரும்
⠞⠜⠞⠰⠞⠜,தாத்தா
⠏⠜⠾⠰⠾⠊,பாட்டி
⠍⠜⠰⠊⠽⠍⠰,மானியம்
⠏⠥⠇⠰,புல்
⠅⠇⠰⠇⠻⠌,கல்லறை
⠉⠜⠍⠰⠏⠇⠰,சாம்பல்
⠝⠰⠰⠻⠥,நன்று
⠍⠊⠅⠏⠰⠏⠑⠗⠊⠽,மிகப்பெரிய
⠏⠉⠰⠉⠌,பச்சை
⠧⠸⠗⠰⠝⠰⠞⠞⠥,வளர்ந்தது
⠍⠸⠊⠅⠌,மளிகை
⠞⠗⠌⠽⠊⠇⠰,தரையில்
⠅⠥⠷⠥,குழு
⠧⠸⠗⠥⠍⠰,வளரும்
⠧⠸⠗⠥⠍⠰,வளரும்
⠧⠸⠗⠰⠉⠰⠉⠊,வளர்ச்சி
⠥⠞⠰⠞⠗⠧⠜⠞⠍⠰,உத்தரவாதம்
⠅⠜⠧⠇⠰,காவல்
⠽⠳⠅⠊⠅⠰⠅,யூகிக்க
⠧⠊⠗⠥⠝⠰⠞⠊⠰⠗⠰,விருந்தினர்
⠧⠷⠊⠅⠜⠾⠰⠾⠊,வழிகாட்டி
⠧⠷⠊⠅⠜⠾⠰⠾⠊,வழிகாட்டி
⠅⠥⠻⠰⠻ ⠁⠥⠼⠗⠰⠧⠥,குற்ற உணர்வு
⠞⠥⠏⠰⠏⠜⠅⠰⠅⠊,துப்பாக்கி
⠏⠌⠽⠰⠰,பையன்
⠏⠷⠅⠰⠅⠍⠰,பழக்கம்
⠧⠜⠷⠰⠧⠊⠾⠍⠰,வாழ்விடம்
⠊⠗⠥⠝⠰⠞⠞⠥,இருந்தது
⠍⠥⠾⠊,முடி
⠏⠜⠞⠊,பாதி
⠍⠼⠰⠾⠏⠍⠰,மண்டபம்
⠅⠌,கை
⠅⠌⠽⠸⠧⠥,கையளவு
⠅⠌⠏⠰⠏⠊⠾⠊,கைப்பிடி
⠞⠕⠬⠰⠅⠥,தொங்கு
⠝⠾⠅⠰⠅⠥⠍⠰,நடக்கும்
⠉⠝⠰⠞⠕⠯⠍⠜⠅,சந்தோஷமாக
⠅⠾⠊⠰⠍⠜⠰,கடினமான
⠁⠗⠊⠞⠜⠅,அரிதாக
⠥⠸⠰⠸⠞⠥,உள்ளது
⠞⠕⠏⠰⠏⠊,தொப்பி
⠧⠑⠻⠥⠏⠰⠏⠥,வெறுப்பு
⠧⠑⠼⠰⠾⠥⠍⠰,வேண்டும்
⠁⠧⠗⠰,அவர்
⠞⠇⠌,தலை
⠞⠇⠌⠏⠰⠏⠥,தலைப்பு
⠞⠇⠌⠍⠌⠽⠅⠍⠰,தலைமையகம்
⠜⠗⠕⠅⠰⠅⠊⠽⠍⠰,ஆரோக்கியம்
⠜⠗⠕⠅⠰⠅⠊⠽⠍⠜⠰,ஆரோக்கியமான
⠅⠑⠸⠰,கேள்
⠅⠑⠸⠰⠧⠊⠏⠰⠏⠾⠰⠾⠑⠰⠰,கேள்விப்பட்டேன்
⠅⠑⠾⠰⠾⠇⠰,கேட்டல்
⠊⠞⠽⠍⠰,இதயம்
⠧⠑⠏⠰⠏⠍⠰,வெப்பம்
⠉⠕⠗⠰⠅⠰⠅⠍⠰,சொர்க்கம்
⠏⠑⠗⠊⠞⠥⠍⠰,பெரிதும்
⠅⠰⠍⠜⠰,கனமான
⠅⠥⠞⠊⠅⠜⠇⠰,குதிகால்
⠥⠽⠗⠍⠰,உயரம்
⠅⠾⠰⠾⠥⠏⠰⠏⠜⠾⠰⠾⠊⠇⠰,கட்டுப்பாட்டில்
⠓⠑⠇⠊⠅⠜⠏⠰⠾⠗⠰,ஹெலிகாப்டர்
⠝⠗⠅⠍⠰,நரகம்
⠧⠼⠅⠰⠅⠍⠰,வணக்கம்
⠥⠞⠧⠊,உதவி
⠥⠞⠧⠊⠅⠗⠍⠜⠰,உதவிகரமான
⠁⠧⠸⠰,அவள்
⠊⠬⠰⠅⠑,இங்கே
⠏⠜⠗⠍⠰⠏⠗⠊⠽⠍⠰,பாரம்பரியம்
⠓⠔⠗⠕,ஹீரோ
⠞⠰⠰⠰⠌,தன்னை
⠑⠽⠰,ஏய்
⠧⠼⠅⠰⠅⠍⠰,வணக்கம்
⠍⠻⠌,மறை
⠥⠽⠗⠰,உயர்
⠍⠥⠰⠰⠰⠊⠇⠌⠏⠰⠏⠾⠥⠞⠰⠞,முன்னிலைப்படுத்த
⠍⠊⠅⠧⠥⠍⠰,மிகவும்
⠝⠑⠾⠥⠒⠰⠉⠜⠇⠌,நெடுஞ்சாலை
⠍⠇⠌,மலை
⠁⠧⠗⠌,அவரை
⠞⠰⠰⠰⠌,தன்னை
⠊⠾⠥⠏⠰⠏⠥,இடுப்பு
⠧⠜⠾⠅⠌⠅⠰⠅⠥,வாடகைக்கு
⠁⠧⠗⠞⠥,அவரது
⠧⠗⠇⠜⠻⠰⠻⠜⠉⠊⠗⠊⠽⠗⠰,வரலாற்றாசிரியர்
⠧⠗⠇⠜⠻⠰⠻⠥,வரலாற்று
⠧⠗⠇⠜⠻⠰⠻⠥,வரலாற்று
⠧⠗⠇⠜⠻⠥,வரலாறு
⠁⠾⠊⠞⠰⠞⠞⠥,அடித்தது
⠏⠊⠾⠊,பிடி
⠞⠥⠸⠌,துளை
⠧⠊⠾⠥⠍⠥⠻⠌,விடுமுறை
⠏⠥⠰⠊⠞⠍⠜⠰,புனிதமான
⠧⠔⠾⠥,வீடு
⠧⠔⠾⠻⠰⠻⠧⠗⠰,வீடற்றவர்
⠝⠑⠗⠰⠍⠌⠽⠜⠰,நேர்மையான
⠞⠑⠰⠰,தேன்
⠍⠗⠊⠽⠜⠞⠌,மரியாதை
⠝⠍⠰⠏⠊⠅⠰⠅⠌,நம்பிக்கை
⠁⠾⠊⠧⠜⠰⠍⠰,அடிவானம்
⠞⠊⠅⠊⠇⠰,திகில்
⠅⠥⠞⠊⠗⠌,குதிரை
⠍⠗⠥⠞⠰⠞⠥⠧⠍⠰⠌,மருத்துவமனை
⠞⠕⠅⠥⠏⠰⠏⠜⠸⠗⠰,தொகுப்பாளர்
⠉⠳⠾⠜⠰,சூடான
⠓⠕⠾⠰⠾⠇⠰,ஹோட்டல்
⠍⠼⠊,மணி
⠧⠔⠾⠥,வீடு
⠧⠔⠾⠰⠾⠥,வீட்டு
⠧⠔⠾⠰⠾⠥⠧⠉⠞⠊,வீட்டுவசதி
⠢⠏⠰⠏⠾⠊,எப்படி
⠢⠰⠊⠰⠥⠍⠰,எனினும்
⠏⠑⠗⠊⠽,பெரிய
⠍⠰⠊⠞⠰⠰,மனிதன்
⠝⠅⠌⠉⠰⠉⠥⠧⠌,நகைச்சுவை
⠝⠳⠻⠥,நூறு
⠏⠉⠊,பசி
⠧⠑⠾⠰⠾⠌,வேட்டை
⠧⠑⠾⠰⠾⠌⠅⠰⠅⠜⠗⠰⠰,வேட்டைக்காரன்
⠧⠑⠾⠰⠾⠌,வேட்டை
⠁⠧⠉⠗⠍⠰,அவசரம்
⠅⠜⠽⠍⠰,காயம்
⠅⠼⠧⠗⠰,கணவர்
⠅⠗⠥⠞⠥⠅⠕⠸⠰,கருதுகோள்
⠝⠜⠰⠰,நான்
⠏⠰⠊,பனி
⠽⠕⠉⠰⠌,யோசனை
⠑⠻⠰⠻⠞⠜⠅,ஏற்றதாக
⠁⠾⠌⠽⠜⠸⠍⠰,அடையாளம்
⠁⠾⠌⠽⠜⠸⠍⠰,அடையாளம்
⠁⠾⠌⠽⠜⠸⠍⠰,அடையாளம்
⠁⠞⠜⠧⠞⠥,அதாவது
⠢⠰⠰⠻⠜⠇⠰,என்றால்
⠏⠥⠻⠅⠰⠅⠼⠊⠅⠰⠅,புறக்கணிக்க
⠥⠾⠍⠰⠏⠥ ⠉⠗⠊⠽⠊⠇⠰⠇⠌,உடம்பு சரியில்லை
⠉⠾⠰⠾⠧⠊⠗⠕⠞⠍⠜⠰⠞⠥,சட்டவிரோதமானது
⠥⠾⠇⠰ ⠝⠇⠍⠊⠰⠰⠍⠌,உடல் நலமின்மை
⠧⠊⠸⠅⠰⠅⠥,விளக்கு
⠏⠾⠍⠰,படம்
⠅⠻⠰⠏⠰⠌,கற்பனை
⠅⠻⠰⠏⠰⠌,கற்பனை
⠥⠾⠰⠾⠊⠽⠜⠅,உடனடியாக
⠥⠾⠰⠾⠊⠽⠜⠅,உடனடியாக
⠅⠥⠾⠊⠽⠑⠻⠊⠽⠧⠗⠰,குடியேறியவர்
⠅⠥⠾⠊⠽⠑⠻⠰⠻⠍⠰,குடியேற்றம்
⠞⠜⠅⠰⠅⠍⠰,தாக்கம்
⠉⠑⠽⠇⠰⠏⠾⠥⠞⠰⠞,செயல்படுத்த
⠥⠾⠰⠅⠥⠻⠊⠏⠰⠏⠥,உட்குறிப்பு
⠅⠥⠻⠊⠅⠰⠅⠊⠰⠰⠻⠰,குறிக்கின்றன
⠍⠥⠅⠰⠅⠊⠽⠞⠰⠞⠥⠧⠍⠰,முக்கியத்துவம்
⠍⠥⠅⠰⠅⠊⠽⠍⠜⠰,முக்கியமான
⠞⠊⠼⠊⠅⠰⠅,திணிக்க
⠉⠜⠞⠰⠞⠊⠽⠍⠻⠰⠻⠞⠥,சாத்தியமற்றது
⠔⠗⠰⠅⠰⠅,ஈர்க்க
⠁⠏⠊⠏⠰⠗⠜⠽⠍⠰,அபிப்ராயம்
⠔⠗⠰⠅⠰⠅⠅⠰⠅⠳⠾⠊⠽⠞⠥,ஈர்க்கக்கூடியது
⠍⠑⠍⠰⠏⠾⠥⠞⠰⠞,மேம்படுத்த
⠍⠥⠰⠰⠰⠑⠻⠰⠻⠍⠰,முன்னேற்றம்
⠊⠇⠰,இல்
⠳⠅⠰⠅⠞⠰⠞⠕⠅⠌,ஊக்கத்தொகை
⠁⠬⠰⠅⠥⠇⠍⠰,அங்குலம்
⠉⠍⠰⠏⠧⠍⠰,சம்பவம்
⠉⠑⠗⠰⠅⠰⠅⠊⠻⠞⠥,சேர்க்கிறது
⠥⠾⠰⠏⠾,உட்பட
⠧⠗⠥⠍⠜⠰⠍⠰,வருமானம்
⠊⠼⠌,இணை
⠁⠞⠊⠅⠗⠊,அதிகரி
⠁⠞⠊⠅⠗⠊⠞⠰⠞⠥⠸⠰⠸⠞⠥,அதிகரித்துள்ளது
⠁⠞⠊⠅⠗⠊⠅⠰⠅⠥⠍⠰,அதிகரிக்கும்
⠏⠑⠗⠥⠅⠊⠽ ⠍⠥⠻⠌⠽⠊⠇⠰,பெருகிய முறையில்
⠝⠍⠰⠏⠍⠥⠾⠊⠽⠜⠞⠞⠥,நம்பமுடியாதது
⠥⠼⠰⠍⠌⠽⠊⠇⠰,உண்மையில்
⠉⠥⠞⠝⠰⠞⠊⠗⠍⠰,சுதந்திரம்
⠉⠥⠞⠝⠰⠞⠊⠗⠍⠜⠰,சுதந்திரமான
⠅⠥⠻⠊⠽⠔⠾⠰⠾⠥,குறியீட்டு
⠊⠝⠰⠞⠊⠽⠰⠰,இந்தியன்
⠅⠥⠻⠊⠅⠰⠅⠊⠻⠞⠥,குறிக்கிறது
⠁⠻⠊⠅⠥⠻⠊,அறிகுறி
⠞⠰⠊⠏⠰⠏⠾⠰⠾,தனிப்பட்ட
⠞⠕⠷⠊⠇⠰⠞⠥⠻⠌,தொழில்துறை
⠞⠕⠷⠊⠇⠰,தொழில்
⠅⠥⠷⠝⠰⠞⠌,குழந்தை
⠞⠕⠻⠰⠻⠥,தொற்று
⠧⠔⠅⠰⠅⠍⠰,வீக்கம்
⠉⠑⠇⠰⠧⠜⠅⠰⠅⠥,செல்வாக்கு
⠞⠑⠗⠊⠧⠊⠅⠰⠅,தெரிவிக்க
⠞⠅⠧⠇⠰,தகவல்
⠍⠳⠇⠏⠰⠏⠕⠗⠥⠸⠰,மூலப்பொருள்
⠜⠗⠍⠰⠏,ஆரம்ப
⠜⠗⠍⠰⠏⠞⠰⠞⠊⠇⠰,ஆரம்பத்தில்
⠍⠥⠽⠻⠰⠉⠊,முயற்சி
⠅⠜⠽⠍⠰,காயம்
⠥⠸⠰,உள்
⠁⠏⠰⠏⠜⠧⠊,அப்பாவி
⠧⠊⠉⠜⠗⠼⠌,விசாரணை
⠏⠳⠉⠰⠉⠊,பூச்சி
⠥⠸⠰⠸⠑,உள்ளே
⠝⠥⠼⠰⠼⠻⠊⠧⠥,நுண்ணறிவு
⠧⠇⠊⠽⠥⠻⠥⠞⠰⠞⠥⠅⠊⠰⠰⠻⠰,வலியுறுத்துகின்றன
⠳⠅⠰⠅⠥⠧⠊⠅⠰⠅,ஊக்குவிக்க
⠝⠊⠻⠥⠧⠥,நிறுவு
⠥⠞⠜⠗⠼⠍⠰,உதாரணம்
⠥⠾⠰⠾⠊,உடனடி
⠍⠜⠻⠜⠅,மாறாக
⠝⠊⠻⠥⠧⠰⠍⠰,நிறுவனம்
⠝⠊⠻⠥⠧⠰,நிறுவன
⠁⠻⠊⠧⠥⠻⠥⠞⠰⠞⠇⠰,அறிவுறுத்தல்
⠏⠽⠊⠻⠰⠻⠥⠧⠊⠏⠰⠏⠜⠸⠗⠰,பயிற்றுவிப்பாளர்
⠅⠗⠥⠧⠊,கருவி
⠅⠜⠏⠰⠏⠔⠾⠥,காப்பீடு
⠁⠻⠊⠧⠥⠉⠜⠗⠰,அறிவுசார்
⠥⠸⠧⠥⠞⠰⠞⠥⠻⠌,உளவுத்துறை
⠝⠕⠅⠰⠅⠍⠰,நோக்கம்
⠞⠔⠧⠊⠗,தீவிர
⠞⠔⠧⠊⠗⠍⠰,தீவிரம்
⠢⠼⠰⠼⠍⠰,எண்ணம்
⠞⠕⠾⠗⠰⠏⠥,தொடர்பு
⠜⠗⠰⠧⠍⠰,ஆர்வம்
⠜⠗⠰⠧⠍⠰,ஆர்வம்
⠉⠥⠧⠜⠗⠉⠊⠽⠍⠜⠰,சுவாரசியமான
⠥⠸⠰,உள்
⠉⠗⠰⠧⠞⠑⠉,சர்வதேச
⠊⠼⠌⠽⠞⠸⠍⠰,இணையதளம்
⠧⠊⠸⠅⠰⠅⠥⠧⠞⠥,விளக்குவது
⠧⠊⠸⠅⠰⠅⠍⠰,விளக்கம்
⠞⠇⠌⠽⠔⠾⠥,தலையீடு
⠝⠑⠗⠰⠅⠜⠼⠇⠰,நேர்காணல்
⠥⠸⠰⠸⠑,உள்ளே
⠁⠻⠊⠍⠥⠅⠏⠰⠏⠾⠥⠞⠰⠞⠥,அறிமுகப்படுத்து
⠁⠻⠊⠍⠥⠅⠍⠰,அறிமுகம்
⠏⠾⠌⠽⠑⠾⠥⠏⠰⠏⠥,படையெடுப்பு
⠅⠼⠰⠾⠥⠏⠊⠾⠊,கண்டுபிடி
⠍⠥⠞⠇⠔⠾⠥,முதலீடு
⠧⠊⠉⠜⠗⠼⠌,விசாரணை
⠧⠊⠉⠜⠗⠼⠌,விசாரணை
⠜⠽⠰⠧⠜⠸⠗⠰,ஆய்வாளர்
⠍⠥⠞⠇⠔⠾⠥,முதலீடு
⠍⠥⠞⠇⠔⠾⠰⠾⠜⠸⠗⠰,முதலீட்டாளர்
⠁⠷⠌,அழை
⠔⠾⠥⠏⠾⠥,ஈடுபடு
⠉⠍⠰⠏⠝⠰⠞⠏⠰⠏⠾⠰⠾⠞⠥,சம்பந்தப்பட்டது
⠔⠾⠥⠏⠜⠾⠥,ஈடுபாடு
⠔⠗⠜⠅⠰,ஈராக்
⠌⠗⠊⠯⠰,ஐரிஷ்
⠊⠗⠥⠍⠰⠏⠥,இரும்பு
⠊⠗⠥⠅⠰⠅⠊⠻⠞⠥,இருக்கிறது
⠊⠎⠰⠇⠜⠍⠊⠽,இஸ்லாமிய
⠞⠔⠧⠥,தீவு
⠊⠎⠰⠗⠑⠇⠊⠽,இஸ்ரேலிய
⠏⠊⠗⠉⠰⠉⠊⠰⠌,பிரச்சினை
⠁⠞⠥,அது
⠊⠞⠰⠞⠜⠇⠊⠽,இத்தாலிய
⠥⠗⠥⠏⠰⠏⠾⠊,உருப்படி
⠁⠞⠰⠰,அதன்
⠞⠰⠰⠰⠌,தன்னை
⠚⠜⠅⠰⠅⠑⠾⠰,ஜாக்கெட்
⠉⠊⠻⠌,சிறை
⠚⠏⠰⠏⠜⠰⠊⠽⠗⠰⠅⠸⠰,ஜப்பானியர்கள்
⠚⠑⠾⠰,ஜெட்
⠽⠳⠞⠗⠰,யூதர்
⠽⠳⠞,யூத
⠧⠑⠇⠌,வேலை
⠉⠑⠗,சேர
⠅⠳⠾⠰⠾⠥,கூட்டு
⠝⠅⠌⠉⠰⠉⠥⠧⠌,நகைச்சுவை
⠏⠞⠰⠞⠊⠗⠊⠅⠌,பத்திரிகை
⠏⠞⠰⠞⠊⠗⠊⠅⠌⠽⠜⠸⠗⠰,பத்திரிகையாளர்
⠏⠽⠼⠍⠰,பயணம்
⠍⠅⠊⠷⠰⠉⠰⠉⠊,மகிழ்ச்சி
⠝⠔⠞⠊⠏⠞⠊,நீதிபதி
⠞⠔⠗⠰⠏⠰⠏⠥,தீர்ப்பு
⠉⠜⠻⠥,சாறு
⠅⠥⠞⠊,குதி
⠊⠸⠌⠽⠧⠗⠰,இளையவர்
⠝⠾⠥⠧⠗⠰ ⠍⠰⠰⠻⠍⠰,நடுவர் மன்றம்
⠧⠑⠻⠥⠍⠰,வெறும்
⠝⠔⠞⠊,நீதி
⠝⠊⠽⠜⠽⠏⠰⠏⠾⠥⠞⠰⠞⠥,நியாயப்படுத்து
⠧⠌,வை
⠧⠌⠅⠰⠅⠏⠰⠏⠾⠰⠾⠞⠥,வைக்கப்பட்டது
⠉⠜⠧⠊,சாவி
⠥⠞⠌,உதை
⠅⠥⠷⠝⠰⠞⠌,குழந்தை
⠅⠕⠇⠰⠇,கொல்ல
⠅⠕⠇⠌⠽⠜⠸⠊,கொலையாளி
⠅⠕⠇⠌,கொலை
⠅⠗⠥⠼⠌,கருணை
⠗⠜⠚⠜,ராஜா
⠍⠥⠞⠰⠞⠍⠰,முத்தம்
⠉⠍⠌⠽⠇⠻⠌,சமையலறை
⠍⠥⠷⠬⠰⠅⠜⠇⠰,முழங்கால்
⠞⠑⠗⠊⠽⠥⠍⠰,தெரியும்
⠅⠞⠰⠞⠊,கத்தி
⠞⠾⠰⠾⠥⠬⠰⠅⠸⠰,தட்டுங்கள்
⠞⠑⠗⠊⠽⠥⠍⠰,தெரியும்
⠁⠻⠊⠧⠥,அறிவு
⠜⠽⠰⠧⠅⠍⠰,ஆய்வகம்
⠍⠥⠞⠰⠞⠊⠗⠌,முத்திரை
⠞⠕⠷⠊⠇⠜⠸⠗⠰,தொழிலாளர்
⠜⠽⠰⠧⠅⠍⠰,ஆய்வகம்
⠏⠻⠰⠻⠜⠅⠰⠅⠥⠻⠌,பற்றாக்குறை
⠏⠑⠼⠰,பெண்
⠑⠗⠊,ஏரி
⠝⠊⠇,நில
⠊⠽⠻⠰⠅⠌,இயற்கை
⠍⠕⠷⠊,மொழி
⠍⠾⠊⠽⠊⠇⠰,மடியில்
⠏⠑⠗⠊⠽,பெரிய
⠏⠑⠗⠥⠍⠸⠧⠊⠇⠰,பெருமளவில்
⠅⠾⠝⠰⠞,கடந்த
⠞⠜⠍⠞⠍⠜⠅,தாமதமாக
⠏⠊⠰⠰⠰⠗⠰,பின்னர்
⠇⠞⠰⠞⠔⠰⠰,லத்தீன்
⠏⠊⠝⠰⠞⠌⠽⠞⠥,பிந்தையது
⠉⠊⠗⠊⠅⠰⠅,சிரிக்க
⠞⠕⠾⠅⠰⠅⠍⠰,தொடக்கம்
⠉⠾⠰⠾⠍⠰,சட்டம்
⠏⠥⠇⠰⠧⠑⠸⠊,புல்வெளி
⠧⠷⠅⠰⠅⠥,வழக்கு
⠧⠷⠅⠰⠅⠻⠊⠒⠗⠰,வழக்கறிஞர்
⠊⠾⠥⠅⠊⠰⠰⠻⠰,இடுகின்றன
⠁⠾⠥⠅⠰⠅⠥,அடுக்கு
⠧⠷⠊ ⠝⠾⠞⠰⠞⠥,வழி நடத்து
⠞⠇⠌⠧⠗⠰,தலைவர்
⠞⠇⠌⠍⠌⠞⠰⠞⠥⠧⠍⠰,தலைமைத்துவம்
⠍⠥⠰⠰⠰⠼⠊,முன்னணி
⠊⠇⠌,இலை
⠇⠔⠅⠰,லீக்
⠭⠇⠰⠇⠊⠽⠜⠰,ஒல்லியான
⠁⠻⠊⠽,அறிய
⠅⠻⠰⠻⠇⠰,கற்றல்
⠅⠥⠻⠌⠝⠰⠞⠞⠥,குறைந்தது
⠞⠕⠇⠰,தோல்
⠧⠊⠾⠥,விடு
⠞⠇⠌⠍⠌⠽⠊⠇⠰,தலைமையில்
⠧⠊⠾⠰⠾⠥,விட்டு
⠅⠜⠇⠰,கால்
⠍⠗⠏⠥,மரபு
⠉⠾⠰⠾⠏⠳⠗⠰⠧⠍⠜⠰,சட்டபூர்வமான
⠏⠥⠗⠜⠼,புராண
⠉⠾⠰⠾⠍⠰,சட்டம்
⠍⠥⠻⠌⠽⠜⠰,முறையான
⠢⠇⠥⠍⠊⠉⠰⠉⠌,எலுமிச்சை
⠝⠔⠸⠍⠰,நீளம்
⠅⠥⠻⠌⠧⠜⠅,குறைவாக
⠏⠜⠾⠍⠰,பாடம்
⠁⠰⠥⠍⠞⠊⠅⠰⠅,அனுமதிக்க
⠅⠾⠊⠞⠍⠰,கடிதம்
⠝⠊⠇⠌,நிலை
⠞⠜⠗⠜⠸⠧⠜⠞,தாராளவாத
⠝⠳⠇⠅⠍⠰,நூலகம்
⠥⠗⠊⠍⠍⠰,உரிமம்
⠏⠕⠽⠰,பொய்
⠧⠜⠷⠰⠅⠰⠅⠌,வாழ்க்கை
⠧⠜⠷⠰⠅⠰⠅⠌,வாழ்க்கை
⠧⠜⠷⠰⠝⠜⠸⠰,வாழ்நாள்
⠞⠳⠅⠰⠅⠥,தூக்கு
⠭⠸⠊,ஒளி
⠏⠕⠰⠰⠻,போன்ற
⠧⠜⠽⠰⠏⠰⠏⠥⠸⠰⠸⠞⠥,வாய்ப்புள்ளது
⠁⠸⠧⠥,அளவு
⠧⠗⠍⠰⠏⠥,வரம்பு
⠧⠗⠌⠽⠻⠥⠅⠰⠅⠏⠰⠏⠾⠰⠾,வரையறுக்கப்பட்ட
⠧⠗⠊,வரி
⠊⠼⠌⠏⠰⠏⠥,இணைப்பு
⠥⠞⠾⠥,உதடு
⠞⠊⠗⠧⠍⠰,திரவம்
⠏⠾⠰⠾⠊⠽⠇⠰,பட்டியல்
⠅⠑⠸⠥⠬⠰⠅⠸⠰,கேளுங்கள்
⠥⠼⠰⠍⠌⠽⠜⠅⠧⠑,உண்மையாகவே
⠊⠇⠅⠰⠅⠊⠽,இலக்கிய
⠊⠇⠅⠰⠅⠊⠽⠍⠰,இலக்கியம்
⠉⠊⠻⠊⠽,சிறிய
⠧⠜⠷⠰⠅,வாழ்க
⠧⠜⠷⠥⠍⠰,வாழும்
⠑⠻⠰⠻,ஏற்ற
⠅⠾⠰⠰,கடன்
⠥⠸⠰⠸⠳⠗⠰,உள்ளூர்
⠅⠼⠰⠾⠥⠏⠊⠾⠊⠅⠰⠅,கண்டுபிடிக்க
⠊⠾⠍⠰,இடம்
⠏⠳⠾⠰⠾⠥,பூட்டு
⠏⠞⠊⠧⠥,பதிவு
⠞⠰⠊⠍⠌⠽⠜⠰,தனிமையான
⠝⠔⠼⠰⠾,நீண்ட
⠝⠔⠼⠰⠾ ⠅⠜⠇,நீண்ட கால
⠏⠜⠗⠰,பார்
⠞⠸⠗⠰⠧⠜⠰,தளர்வான
⠊⠷⠅⠰⠅,இழக்க
⠊⠷⠏⠰⠏⠥,இழப்பு
⠊⠷⠝⠰⠞⠞⠥,இழந்தது
⠝⠊⠻⠌⠽,நிறைய
⠝⠊⠻⠌⠽,நிறைய
⠥⠗⠞⠰⠞,உரத்த
⠅⠜⠞⠇⠰,காதல்
⠁⠷⠅⠜⠰,அழகான
⠅⠜⠞⠇⠰⠰,காதலன்
⠅⠥⠻⠌⠝⠰⠞,குறைந்த
⠅⠔⠷⠰,கீழ்
⠁⠞⠊⠗⠰⠯⠰⠾⠍⠰,அதிர்ஷ்டம்
⠁⠞⠊⠗⠰⠯⠰⠾⠍⠰,அதிர்ஷ்டம்
⠍⠞⠊⠽ ⠁⠥⠼⠧⠥,மதிய உணவு
⠝⠥⠗⠌⠽⠔⠗⠇⠰,நுரையீரல்
⠊⠽⠝⠰⠞⠊⠗⠍⠰,இயந்திரம்
⠏⠌⠞⠰⠞⠊⠽⠍⠰,பைத்தியம்
⠉⠑⠽⠰⠽⠏⠰⠏⠾⠰⠾⠞⠥,செய்யப்பட்டது
⠏⠞⠰⠞⠊⠗⠊⠅⠌,பத்திரிகை
⠅⠜⠝⠰⠞⠍⠰,காந்தம்
⠁⠒⠰⠉⠇⠰,அஞ்சல்
⠍⠥⠅⠰⠅⠊⠽,முக்கிய
⠍⠥⠅⠰⠅⠊⠽⠍⠜⠅,முக்கியமாக
⠏⠗⠜⠍⠗⠊⠅⠰⠅,பராமரிக்க
⠏⠗⠜⠍⠗⠊⠏⠰⠏⠥,பராமரிப்பு
⠍⠥⠅⠰⠅⠊⠽,முக்கிய
⠏⠑⠗⠥⠍⠰⠏⠜⠰⠰⠍⠌,பெரும்பான்மை
⠉⠑⠽⠰⠽,செய்ய
⠞⠽⠜⠗⠊⠏⠰⠏⠜⠸⠗⠰,தயாரிப்பாளர்
⠭⠏⠰⠏⠰⠌,ஒப்பனை
⠜⠼⠰,ஆண்
⠧⠼⠊⠅ ⠧⠸⠜⠅⠍⠰,வணிக வளாகம்
⠜⠼⠰,ஆண்
⠝⠊⠗⠰⠧⠅⠊⠅⠰⠅,நிர்வகிக்க
⠍⠑⠇⠜⠼⠰⠍⠌,மேலாண்மை
⠍⠑⠇⠜⠸⠗⠰,மேலாளர்
⠍⠥⠻⠌,முறை
⠥⠻⠰⠏⠞⠰⠞⠊⠽⠜⠸⠗⠰,உற்பத்தியாளர்
⠥⠻⠰⠏⠞⠰⠞⠊,உற்பத்தி
⠏⠇,பல
⠧⠗⠌⠏⠾⠍⠰,வரைபடம்
⠧⠊⠸⠊⠍⠰⠏⠥,விளிம்பு
⠅⠥⠻⠊,குறி
⠉⠝⠰⠞⠌,சந்தை
⠉⠝⠰⠞⠌⠏⠰⠏⠾⠥⠞⠰⠞⠇⠰,சந்தைப்படுத்தல்
⠞⠊⠗⠥⠍⠼⠍⠰,திருமணம்
⠞⠊⠗⠥⠍⠼⠍⠰,திருமணம்
⠞⠊⠗⠥⠍⠼⠍⠰,திருமணம்
⠍⠥⠅⠍⠳⠾⠊,முகமூடி
⠝⠊⠻⠌,நிறை
⠍⠊⠅⠏⠰⠏⠑⠗⠊⠽,மிகப்பெரிய
⠅⠥⠗⠥,குரு
⠏⠕⠗⠥⠞⠰⠞⠥⠅,பொருத்துக
⠏⠕⠗⠥⠸⠰,பொருள்
⠅⠼⠊⠞⠍⠰,கணிதம்
⠧⠊⠯⠽⠍⠰,விஷயம்
⠊⠗⠥⠅⠰⠅⠇⠜⠍⠰,இருக்கலாம்
⠊⠗⠥⠅⠰⠅⠇⠜⠍⠰,இருக்கலாம்
⠍⠑⠽⠗⠰,மேயர்
⠢⠰⠰⠰⠌,என்னை
⠉⠜⠏⠰⠏⠜⠾⠥,சாப்பாடு
⠉⠗⠜⠉⠗⠊,சராசரி
⠏⠕⠗⠥⠸⠰,பொருள்
⠏⠕⠗⠥⠸⠰,பொருள்
⠊⠞⠻⠰⠅⠊⠾⠌⠽⠊⠇⠰,இதற்கிடையில்
⠁⠸⠧⠊⠾⠥,அளவிடு
⠁⠸⠧⠔⠾⠥,அளவீடு
⠊⠻⠌⠉⠰⠉⠊,இறைச்சி
⠏⠕⠻⠊⠍⠥⠻⠌,பொறிமுறை
⠳⠾⠅⠍⠰,ஊடகம்
⠍⠗⠥⠞⠰⠞⠥⠧,மருத்துவ
⠍⠗⠥⠝⠰⠞⠥,மருந்து
⠍⠗⠥⠝⠰⠞⠥,மருந்து
⠝⠾⠥⠞⠰⠞⠗,நடுத்தர
⠉⠝⠰⠞⠊⠅⠰⠅,சந்திக்க
⠉⠝⠰⠞⠊⠞⠰⠞⠇⠰,சந்தித்தல்
⠍⠑⠇⠰⠇⠊⠉⠌,மெல்லிசை
⠥⠻⠥⠏⠰⠏⠊⠰⠗⠰,உறுப்பினர்
⠥⠻⠥⠏⠰⠏⠊⠰⠗⠰,உறுப்பினர்
⠝⠊⠰⠌⠧⠥,நினைவு
⠜⠼⠰⠅⠸⠰,ஆண்கள்
⠍⠰,மன
⠅⠥⠻⠊⠏⠰⠏⠊⠾⠥,குறிப்பிடு
⠏⠾⠰⠾⠊⠽⠇⠰,பட்டியல்
⠧⠑⠻⠥⠍⠰,வெறும்
⠧⠑⠻⠥⠍⠰⠑,வெறுமனே
⠅⠥⠷⠏⠰⠏⠍⠰,குழப்பம்
⠉⠑⠽⠰⠞⠊,செய்தி
⠥⠇⠕⠅⠍⠰,உலோகம்
⠍⠔⠾⠰⠾⠗⠰,மீட்டர்
⠍⠥⠻⠌,முறை
⠍⠑⠅⠰⠉⠊⠅⠰⠰,மெக்சிகன்
⠝⠾⠥⠞⠰⠞⠗,நடுத்தர
⠊⠗⠥⠅⠰⠅⠇⠜⠍⠰,இருக்கலாம்
⠍⠌⠇⠰,மைல்
⠊⠗⠜⠼⠥⠧⠍⠰,இராணுவம்
⠏⠜⠇⠰,பால்
⠍⠊⠇⠰⠇⠊⠽⠰⠰,மில்லியன்
⠍⠰⠍⠰,மனம்
⠢⠰⠰⠰⠥⠾⠌⠽⠞⠥,என்னுடையது
⠁⠍⠌⠉⠰⠉⠗⠰,அமைச்சர்
⠉⠊⠻⠊⠽,சிறிய
⠉⠊⠻⠥⠏⠜⠰⠰⠍⠌,சிறுபான்மை
⠝⠊⠍⠊⠾⠍⠰,நிமிடம்
⠁⠞⠊⠉⠽⠍⠰,அதிசயம்
⠅⠼⠰⠼⠜⠾⠊,கண்ணாடி
⠉⠑⠇⠰⠧⠊,செல்வி
⠑⠧⠥⠅⠼⠌,ஏவுகணை
⠏⠼⠊,பணி
⠞⠧⠻⠥,தவறு
⠅⠇⠅⠰⠅⠧⠥⠍⠰,கலக்கவும்
⠅⠇⠧⠌,கலவை
⠍⠥⠻⠌,முறை
⠍⠜⠞⠊⠗⠊,மாதிரி
⠍⠊⠞⠍⠜⠰,மிதமான
⠝⠧⠔⠰,நவீன
⠉⠜⠞⠜⠗⠼,சாதாரண
⠍⠳⠇⠅⠰⠅⠳⠻⠥,மூலக்கூறு
⠁⠍⠰⠍⠜,அம்மா
⠞⠗⠥⠼⠍⠰,தருணம்
⠏⠼⠍⠰,பணம்
⠍⠜⠰⠊⠾⠰⠾⠗⠰,மானிட்டர்
⠍⠜⠞⠍⠰,மாதம்
⠍⠰⠝⠊⠇⠌,மனநிலை
⠝⠊⠇⠜,நிலா
⠭⠷⠥⠅⠰⠅⠍⠰,ஒழுக்கம்
⠍⠑⠇⠥⠍⠰,மேலும்
⠍⠑⠇⠥⠍⠰,மேலும்
⠅⠜⠇⠌,காலை
⠁⠾⠍⠜⠰⠍⠰,அடமானம்
⠍⠊⠅,மிக
⠏⠑⠗⠥⠍⠰⠏⠜⠇⠥⠍⠰,பெரும்பாலும்
⠁⠍⠰⠍⠜,அம்மா
⠊⠽⠅⠰⠅⠍⠰,இயக்கம்
⠍⠥⠽⠻⠰⠉⠊,முயற்சி
⠍⠕⠾⠰⠾⠜⠗⠰,மோட்டார்
⠑⠻⠰⠻,ஏற்ற
⠍⠇⠌,மலை
⠉⠥⠾⠰⠾⠊,சுட்டி
⠧⠜⠽⠰,வாய்
⠝⠅⠗⠰⠧⠥,நகர்வு
⠊⠽⠅⠰⠅⠍⠰,இயக்கம்
⠞⠊⠗⠌⠏⠰⠏⠾⠍⠰,திரைப்படம்
⠞⠊⠗⠥,திரு
⠞⠊⠗⠥⠍⠞⠊,திருமதி
⠉⠑⠇⠰⠧⠊,செல்வி
⠁⠞⠊⠅⠍⠰,அதிகம்
⠏⠇,பல
⠏⠑⠗⠥⠅⠰⠅⠧⠥⠍⠰,பெருக்கவும்
⠅⠕⠇⠌,கொலை
⠞⠉⠌,தசை
⠁⠗⠥⠬⠰⠅⠜⠾⠰⠉⠊⠽⠅⠍⠰,அருங்காட்சியகம்
⠊⠉⠌,இசை
⠊⠉⠌,இசை
⠊⠉⠌⠅⠰⠅⠇⠌⠒⠗⠰,இசைக்கலைஞர்
⠍⠥⠎⠰⠇⠊⠍⠰,முஸ்லிம்
⠧⠑⠼⠰⠾⠥⠍⠰,வேண்டும்
⠏⠗⠎⠰⠏⠗,பரஸ்பர
⠢⠰⠰,என்
⠝⠜⠰⠑,நானே
⠍⠗⠰⠍⠍⠰,மர்மம்
⠅⠾⠰⠾⠥⠅⠰⠅⠞⠌,கட்டுக்கதை
⠝⠊⠗⠰⠧⠜⠼⠍⠜⠅,நிர்வாணமாக
⠏⠑⠽⠗⠰,பெயர்
⠅⠞⠌,கதை
⠅⠥⠻⠥⠅⠊⠽,குறுகிய
⠞⠑⠉⠍⠰,தேசம்
⠞⠑⠉⠊⠽,தேசிய
⠊⠧⠗⠞⠥,இவரது
⠊⠽⠻⠰⠅⠌,இயற்கை
⠊⠽⠻⠰⠅⠌⠽⠜⠅,இயற்கையாக
⠊⠽⠻⠰⠅⠌,இயற்கை
⠁⠗⠥⠅⠊⠇⠰,அருகில்
⠁⠗⠥⠅⠊⠇⠰,அருகில்
⠅⠊⠾⠰⠾⠞⠰⠞⠾⠰⠾,கிட்டத்தட்ட
⠁⠧⠉⠊⠽⠍⠰,அவசியம்
⠞⠑⠧⠌⠽⠜⠰,தேவையான
⠅⠷⠥⠞⠰⠞⠥,கழுத்து
⠞⠑⠧⠌,தேவை
⠢⠞⠊⠗⠰⠍⠻⠌,எதிர்மறை
⠉⠕⠇⠰⠇⠜⠾⠇⠰,சொல்லாடல்
⠏⠑⠉⠰⠉⠥⠧⠜⠗⠰⠞⠰⠞⠌,பேச்சுவார்த்தை
⠁⠼⠰⠾⠌,அண்டை
⠁⠅⠰⠅⠍⠰,அக்கம்
⠊⠇⠰⠇⠌,இல்லை
⠝⠗⠍⠰⠏⠥,நரம்பு
⠏⠞⠾⠰⠾⠍⠜⠅,பதட்டமாக
⠧⠇⠌,வலை
⠧⠇⠌⠏⠰⠏⠊⠰⠰⠰⠇⠰,வலைப்பின்னல்
⠭⠗⠥⠏⠕⠞⠥⠍⠰,ஒருபோதும்
⠊⠗⠥⠏⠰⠏⠊⠰⠥⠍⠰,இருப்பினும்
⠏⠥⠞⠊⠽,புதிய
⠏⠥⠞⠊⠞⠜⠅,புதிதாக
⠉⠑⠽⠰⠞⠊,செய்தி
⠉⠑⠽⠰⠞⠊⠞⠰⠞⠜⠸⠰,செய்தித்தாள்
⠁⠾⠥⠞⠰⠞⠞⠥,அடுத்தது
⠝⠇⠰⠇,நல்ல
⠊⠗⠧⠥,இரவு
⠭⠰⠰⠏⠞⠥,ஒன்பது
⠊⠇⠰⠇⠌,இல்லை
⠽⠜⠗⠥⠍⠰ ⠁⠊⠇⠰⠇⠌,யாரும் இல்லை
⠞⠇⠌ ⠁⠁⠉⠌,தலை அசை
⠉⠞⠰⠞⠍⠰,சத்தம்
⠝⠊⠽⠍⠰⠍⠰,நியமனம்
⠊⠇⠰⠇⠌,இல்லை
⠊⠗⠥⠏⠰⠏⠊⠰⠥⠍⠰,இருப்பினும்
⠝⠼⠰⠏⠅⠇⠰,நண்பகல்
⠁⠇⠰⠇⠞⠥ ⠁⠊⠇⠰⠇⠌,அல்லது இல்லை
⠉⠜⠞⠜⠗⠼,சாதாரண
⠉⠜⠞⠜⠗⠼⠍⠜⠅,சாதாரணமாக
⠧⠾⠅⠰⠅⠥,வடக்கு
⠧⠾⠅⠰⠅⠥,வடக்கு
⠍⠳⠅⠰⠅⠥,மூக்கு
⠊⠇⠰⠇⠌,இல்லை
⠅⠥⠻⠊⠏⠰⠏⠥,குறிப்பு
⠢⠞⠥⠧⠥⠍⠰ ⠁⠊⠇⠰⠇⠌,எதுவும் இல்லை
⠁⠻⠊⠧⠊⠏⠰⠏⠥,அறிவிப்பு
⠅⠗⠥⠞⠰⠞⠥,கருத்து
⠏⠑⠽⠗⠰⠉⠰⠉⠕⠇⠰,பெயர்ச்சொல்
⠝⠜⠧⠇⠰,நாவல்
⠊⠏⠰⠏⠕⠞⠥,இப்போது
⠢⠬⠰⠅⠥⠍⠰ ⠁⠊⠇⠰⠇⠌,எங்கும் இல்லை
⠊⠇⠰⠇⠌,இல்லை
⠁⠼⠥,அணு
⠢⠼⠰,எண்
⠢⠼⠰,எண்
⠑⠗⠜⠸⠍⠜⠰,ஏராளமான
⠉⠑⠧⠊⠇⠊⠽⠗⠰,செவிலியர்
⠝⠾⠰⠾⠥,நட்டு
⠏⠕⠗⠥⠸⠰,பொருள்
⠅⠥⠻⠊⠅⠰⠅⠕⠸⠰,குறிக்கோள்
⠅⠾⠍⠌,கடமை
⠅⠧⠰⠊⠏⠰⠏⠥,கவனிப்பு
⠅⠧⠰⠊⠅⠰⠅,கவனிக்க
⠏⠜⠗⠰⠧⠌⠽⠜⠸⠗⠰,பார்வையாளர்
⠏⠑⠻,பெற
⠧⠑⠸⠊⠏⠰⠏⠾⠌⠽⠜⠰⠞⠥,வெளிப்படையானது
⠧⠑⠸⠊⠏⠰⠏⠾⠌⠽⠜⠅,வெளிப்படையாக
⠧⠊⠷⠜⠧⠊⠇⠰,விழாவில்
⠢⠏⠰⠏⠕⠞⠜⠧⠞⠥,எப்போதாவது
⠞⠕⠷⠊⠇⠰,தொழில்
⠜⠅⠰⠅⠊⠗⠍⠊⠅⠰⠅,ஆக்கிரமிக்க
⠑⠻⠰⠏⠾⠥⠍⠰,ஏற்படும்
⠅⠾⠇⠰,கடல்
⠭⠻⠰⠻⠌⠏⠰⠏⠾⠌,ஒற்றைப்படை
⠍⠥⠗⠼⠰⠏⠜⠾⠥⠅⠸⠰,முரண்பாடுகள்
⠊⠰⠰,இன்
⠜ஃ⠏⠰,ஆஃப்
⠅⠥⠻⠰⠻⠍⠰,குற்றம்
⠞⠜⠅⠰⠅⠥⠞⠇⠰,தாக்குதல்
⠉⠇⠥⠅⠌,சலுகை
⠁⠇⠥⠧⠇⠅⠍⠰,அலுவலகம்
⠁⠞⠊⠅⠜⠗⠊,அதிகாரி
⠁⠞⠊⠅⠜⠗⠊,அதிகாரி
⠁⠾⠊⠅⠰⠅⠾⠊,அடிக்கடி
⠕,ஓ
⠢⠼⠰⠼⠑⠽⠰,எண்ணெய்
⠉⠗⠊,சரி
⠉⠗⠊,சரி
⠏⠷⠌⠽,பழைய
⠭⠇⠊⠍⠰⠏⠊⠅⠰,ஒலிம்பிக்
⠁⠰⠰⠻⠥,அன்று
⠭⠗⠥ ⠍⠥⠻⠌,ஒரு முறை
⠭⠰⠰⠻⠥,ஒன்று
⠞⠕⠾⠗⠰⠝⠰⠞⠥,தொடர்ந்து
⠧⠑⠬⠰⠅⠜⠽⠍⠰,வெங்காயம்
⠝⠊⠅⠷⠰⠝⠊⠇⠌,நிகழ்நிலை
⠍⠾⠰⠾⠥⠍⠰,மட்டும்
⠍⠔⠞⠥,மீது
⠞⠊⠻,திற
⠞⠊⠻⠏⠰⠏⠥,திறப்பு
⠉⠑⠽⠇⠰⠏⠾,செயல்பட
⠊⠽⠬⠰⠅⠥⠍⠰,இயங்கும்
⠉⠑⠽⠇⠰⠏⠜⠾⠥,செயல்பாடு
⠜⠏⠗⠑⠾⠰⠾⠗⠰,ஆபரேட்டர்
⠅⠗⠥⠞⠰⠞⠥,கருத்து
⠢⠞⠊⠗⠊,எதிரி
⠧⠜⠽⠰⠏⠰⠏⠥,வாய்ப்பு
⠢⠞⠊⠗⠰⠅⠰⠅,எதிர்க்க
⠢⠞⠊⠗⠰,எதிர்
⠢⠞⠊⠗⠰⠏⠰⠏⠥,எதிர்ப்பு
⠧⠊⠗⠥⠏⠰⠏⠍⠰,விருப்பம்
⠁⠇⠰⠇⠞⠥,அல்லது
⠜⠗⠒⠰⠉⠥,ஆரஞ்சு
⠭⠷⠥⠬⠰⠅⠥,ஒழுங்கு
⠉⠜⠞⠜⠗⠼,சாதாரண
⠥⠻⠥⠏⠰⠏⠥,உறுப்பு
⠅⠗⠊⠍,கரிம
⠁⠍⠌⠏⠰⠏⠥,அமைப்பு
⠑⠻⠰⠏⠜⠾⠥,ஏற்பாடு
⠝⠕⠅⠰⠅⠥⠝⠊⠇⠌,நோக்குநிலை
⠞⠕⠻⠰⠻⠍⠰,தோற்றம்
⠁⠉⠇⠰,அசல்
⠍⠥⠞⠇⠊⠇⠰,முதலில்
⠍⠻⠰⠻,மற்ற
⠍⠻⠰⠻⠧⠌⠅⠸⠰,மற்றவைகள்
⠍⠻⠰⠻⠏⠾⠊,மற்றபடி
⠧⠑⠼⠰⠾⠥⠍⠰,வேண்டும்
⠝⠍⠞⠥,நமது
⠝⠜⠍⠑,நாமே
⠧⠑⠸⠊⠽⠑,வெளியே
⠍⠥⠾⠊⠧⠥,முடிவு
⠧⠑⠸⠊⠽⠑,வெளியே
⠉⠳⠸⠌,சூளை
⠍⠑⠇⠰,மேல்
⠭⠾⠰⠾⠥⠍⠕⠞⠰⠞,ஒட்டுமொத்த
⠅⠾⠝⠰⠞⠥ ⠧⠜,கடந்து வா
⠅⠧⠰⠊⠅⠰⠅⠧⠊⠇⠰⠇⠌,கவனிக்கவில்லை
⠅⠾⠰⠰⠏⠾⠰⠾⠊⠗⠥⠅⠰⠅⠊⠻⠞⠥,கடன்பட்டிருக்கிறது
⠉⠕⠝⠰⠞⠍⠜⠰⠞⠥,சொந்தமானது
⠥⠗⠊⠍⠌⠽⠜⠸⠗⠰,உரிமையாளர்
⠜⠅⠰⠎⠊⠚⠰⠰,ஆக்ஸிஜன்
⠧⠑⠅⠍⠰,வேகம்
⠏⠑⠅⠰,பேக்
⠞⠕⠅⠥⠏⠰⠏⠥,தொகுப்பு
⠏⠅⠰⠅⠍⠰,பக்கம்
⠧⠇⠊,வலி
⠧⠇⠊⠍⠊⠅⠥⠝⠰⠞,வலிமிகுந்த
⠏⠑⠽⠊⠼⠰⠾⠰,பெயிண்ட்
⠕⠧⠊⠽⠗⠰,ஓவியர்
⠕⠧⠊⠽⠍⠰,ஓவியம்
⠚⠕⠾⠊,ஜோடி
⠧⠑⠸⠊⠗⠰,வெளிர்
⠏⠜⠇⠎⠰⠞⠔⠰⠍⠰,பாலஸ்தீனம்
⠏⠰⠌,பனை
⠏⠜⠰⠰,பான்
⠅⠥⠷⠥,குழு
⠏⠑⠰⠰⠾⠰,பேன்ட்
⠅⠜⠅⠊⠞⠍⠰,காகிதம்
⠏⠞⠰⠞⠊,பத்தி
⠏⠑⠻⠰⠻⠕⠗⠰,பெற்றோர்
⠏⠳⠬⠰⠅⠜,பூங்கா
⠧⠜⠅⠰ ⠝⠊⠻⠥⠞⠰⠞⠥⠍⠊⠾⠍⠰,வாகன நிறுத்துமிடம்
⠏⠅⠥⠞⠊,பகுதி
⠏⠬⠰⠅⠑⠻⠰⠏⠜⠸⠗⠜⠅,பங்கேற்பாளராக
⠏⠬⠰⠅⠑⠻⠰⠅,பங்கேற்க
⠏⠬⠰⠅⠑⠻⠰⠏⠥,பங்கேற்பு
⠅⠥⠻⠊⠏⠰⠏⠜⠅,குறிப்பாக
⠅⠥⠻⠊⠏⠰⠏⠜⠅,குறிப்பாக
⠕⠗⠸⠧⠥,ஓரளவு
⠏⠬⠰⠅⠥⠞⠜⠗⠗⠰,பங்குதாரர்
⠅⠳⠾⠰⠾⠥,கூட்டு
⠅⠾⠰⠉⠊,கட்சி
⠏⠜⠎⠰,பாஸ்
⠏⠞⠰⠞⠊⠽⠍⠰,பத்தியம்
⠏⠽⠼⠊⠅⠸⠰,பயணிகள்
⠧⠑⠾⠰⠅⠌,வேட்கை
⠅⠾⠝⠰⠞,கடந்த
⠊⠼⠌⠏⠰⠏⠥,இணைப்பு
⠏⠜⠞⠌,பாதை
⠝⠕⠽⠜⠸⠊,நோயாளி
⠍⠥⠻⠌,முறை
⠊⠾⠌⠝⠊⠻⠥⠞⠰⠞⠥,இடைநிறுத்து
⠳⠞⠊⠽⠍⠰,ஊதியம்
⠅⠾⠰⠾⠼⠍⠰,கட்டணம்
⠏⠊⠉⠊,பிசி
⠉⠍⠜⠞⠜⠰⠍⠰,சமாதானம்
⠥⠉⠰⠉⠍⠰,உச்சம்
⠉⠅,சக
⠞⠼⠰⠾⠍⠰,தண்டம்
⠍⠅⠰⠅⠸⠰,மக்கள்
⠍⠊⠸⠅⠥,மிளகு
⠭⠰⠰⠻⠥⠅⠰⠅⠥,ஒன்றுக்கு
⠥⠼⠗⠰⠅⠊⠻⠑⠰⠰,உணர்கிறேன்
⠉⠞⠧⠊⠞⠍⠰,சதவிதம்
⠅⠗⠥⠞⠰⠞⠥,கருத்து
⠉⠗⠊⠽⠜⠰,சரியான
⠉⠗⠊⠽⠜⠅,சரியாக
⠝⠊⠅⠷⠰⠞⠰⠞,நிகழ்த்த
⠉⠑⠽⠇⠰⠞⠊⠻⠰⠰,செயல்திறன்
⠭⠗⠥⠧⠑⠸⠌,ஒருவேளை
⠅⠜⠇⠍⠰,காலம்
⠝⠊⠗⠝⠰⠞⠗,நிரந்தர
⠁⠰⠥⠍⠞⠊,அனுமதி
⠁⠰⠥⠍⠞⠊,அனுமதி
⠝⠏⠗⠰,நபர்
⠞⠰⠊⠏⠰⠏⠾⠰⠾,தனிப்பட்ட
⠜⠸⠥⠍⠌,ஆளுமை
⠞⠰⠊⠏⠰⠏⠾⠰⠾ ⠍⠥⠻⠌⠽⠊⠇⠰,தனிப்பட்ட முறையில்
⠏⠼⠊⠽⠜⠸⠗⠰⠅⠸⠰,பணியாளர்கள்
⠍⠥⠰⠰⠰⠕⠅⠰⠅⠥,முன்னோக்கு
⠧⠻⠰⠏⠥⠻⠥⠞⠰⠞⠥,வற்புறுத்து
⠉⠑⠇⠰⠇⠏⠰⠏⠊⠗⠜⠼⠊,செல்லப்பிராணி
⠅⠾⠰⠾⠍⠰,கட்டம்
⠝⠊⠅⠷⠰⠧⠥,நிகழ்வு
⠞⠞⠰⠞⠥⠧⠍⠰,தத்துவம்
⠞⠕⠇⠌⠏⠑⠉⠊,தொலைபேசி
⠏⠥⠅⠌⠏⠰⠏⠾⠍⠰,புகைப்படம்
⠏⠥⠅⠌⠏⠰⠏⠾⠍⠰,புகைப்படம்
⠏⠥⠅⠌⠏⠰⠏⠾⠅⠰⠅⠜⠗⠗⠰,புகைப்படக்காரர்
⠉⠕⠻⠰⠻⠕⠾⠗⠰,சொற்றொடர்
⠥⠾⠇⠰,உடல்
⠥⠾⠇⠰ ⠗⠔⠞⠊⠽⠜⠅,உடல் ரீதியாக
⠍⠗⠥⠞⠰⠞⠥⠧⠗⠰,மருத்துவர்
⠏⠊⠽⠜⠰⠕,பியானோ
⠢⠾⠥,எடு
⠏⠾⠍⠰,படம்
⠏⠌,பை
⠞⠥⠼⠰⠾⠥,துண்டு
⠅⠥⠧⠊⠽⠇⠰,குவியல்
⠧⠊⠍⠜⠰⠊,விமானி
⠏⠌⠰⠰,பைன்
⠊⠸⠒⠰⠉⠊⠧⠏⠰⠏⠥,இளஞ்சிவப்பு
⠅⠥⠷⠜⠽⠰,குழாய்
⠉⠥⠗⠥⠞⠊,சுருதி
⠊⠾⠍⠰,இடம்
⠧⠑⠻⠰⠻⠥,வெற்று
⠞⠊⠾⠰⠾⠍⠰,திட்டம்
⠧⠊⠍⠜⠰⠍⠰,விமானம்
⠅⠊⠗⠅⠍⠰,கிரகம்
⠞⠊⠾⠰⠾⠍⠊⠾⠇⠰,திட்டமிடல்
⠜⠇⠌,ஆலை
⠝⠑⠅⠊⠷⠊,நெகிழி
⠞⠾⠰⠾⠥,தட்டு
⠝⠾⠌⠍⠑⠾⠌,நடைமேடை
⠧⠊⠸⠌⠽⠜⠾,விளையாட
⠜⠾⠰⠾⠅⠰⠅⠜⠗⠗⠰,ஆட்டக்காரர்
⠞⠽⠧⠥ ⠉⠑⠽⠰⠞⠥,தயவு செய்து
⠍⠅⠊⠷⠰⠉⠰⠉⠊,மகிழ்ச்சி
⠝⠊⠻⠌⠽,நிறைய
⠉⠞⠊,சதி
⠏⠰⠰⠍⠌,பன்மை
⠏⠊⠸⠎⠰,பிளஸ்
⠍⠜⠇⠌,மாலை
⠏⠜⠅⠰⠅⠑⠾⠰,பாக்கெட்
⠅⠧⠊⠞⠌,கவிதை
⠅⠧⠊⠒⠗⠰,கவிஞர்
⠅⠧⠊⠞⠌,கவிதை
⠏⠥⠸⠰⠸⠊,புள்ளி
⠅⠍⠰⠏⠍⠰,கம்பம்
⠅⠜⠧⠇⠰,காவல்
⠅⠕⠸⠰⠅⠌,கொள்கை
⠁⠗⠉⠊⠽⠇⠰,அரசியல்
⠁⠗⠉⠊⠽⠇⠰ ⠗⠔⠞⠊⠽⠜⠅,அரசியல் ரீதியாக
⠁⠗⠉⠊⠽⠇⠰⠧⠜⠞⠊,அரசியல்வாதி
⠁⠗⠉⠊⠽⠇⠰,அரசியல்
⠅⠗⠥⠞⠰⠞⠥ ⠅⠼⠊⠏⠰⠏⠥,கருத்து கணிப்பு
⠍⠜⠉⠥,மாசு
⠅⠥⠸⠍⠰,குளம்
⠑⠷⠌,ஏழை
⠏⠜⠏⠰,பாப்
⠏⠊⠗⠏⠇⠍⠜⠰⠞⠥,பிரபலமானது
⠍⠅⠰⠅⠸⠰ ⠞⠕⠅⠌,மக்கள் தொகை
⠍⠅⠰⠅⠸⠰ ⠞⠕⠅⠌,மக்கள் தொகை
⠞⠜⠷⠰⠧⠜⠗⠍⠰,தாழ்வாரம்
⠞⠥⠻⠌⠍⠥⠅⠍⠰,துறைமுகம்
⠏⠅⠥⠞⠊,பகுதி
⠥⠗⠥⠧⠏⠰⠏⠾⠍⠰,உருவப்படம்
⠥⠗⠥⠧⠏⠰⠏⠾⠍⠰,உருவப்படம்
⠏⠕⠎⠰,போஸ்
⠝⠊⠇⠌,நிலை
⠝⠑⠗⠰⠍⠻⠌,நேர்மறை
⠧⠌⠞⠰⠞⠊⠗⠥,வைத்திரு
⠉⠜⠞⠰⠞⠊⠽⠍⠰,சாத்தியம்
⠉⠜⠞⠰⠞⠊⠽⠍⠰,சாத்தியம்
⠭⠗⠥⠧⠑⠸⠌,ஒருவேளை
⠁⠒⠰⠉⠇⠰,அஞ்சல்
⠏⠜⠰⠌,பானை
⠥⠗⠥⠸⠌⠅⠰⠅⠊⠷⠬⠰⠅⠥,உருளைக்கிழங்கு
⠉⠜⠞⠰⠞⠊⠽⠍⠜⠰,சாத்தியமான
⠉⠜⠞⠰⠞⠊⠽⠍⠜⠰,சாத்தியமான
⠏⠧⠥⠼⠰⠾⠥,பவுண்டு
⠳⠻⠰⠻,ஊற்ற
⠧⠻⠥⠍⠌,வறுமை
⠞⠳⠸⠰,தூள்
⠉⠅⠰⠞⠊,சக்தி
⠉⠅⠰⠞⠊ ⠧⠜⠽⠰⠝⠰⠞,சக்தி வாய்ந்த
⠝⠾⠌⠍⠥⠻⠌,நடைமுறை
⠏⠽⠊⠻⠰⠉⠊,பயிற்சி
⠏⠊⠗⠜⠗⠰⠞⠰⠞⠰⠌,பிரார்த்தனை
⠏⠊⠗⠜⠗⠰⠞⠰⠞⠰⠌,பிரார்த்தனை
⠞⠥⠇⠰⠇⠊⠽⠍⠜⠅,துல்லியமாக
⠅⠼⠊⠅⠰⠅,கணிக்க
⠧⠊⠗⠥⠍⠰⠏⠥⠅⠊⠰⠰⠻⠰⠗⠰,விரும்புகின்றனர்
⠧⠊⠗⠥⠏⠰⠏⠍⠰,விருப்பம்
⠅⠗⠰⠏⠰⠏⠍⠰,கர்ப்பம்
⠅⠗⠰⠏⠰⠏⠊⠼⠊,கர்ப்பிணி
⠞⠽⠜⠗⠊⠏⠰⠏⠥,தயாரிப்பு
⠞⠽⠜⠗⠰,தயார்
⠍⠗⠥⠝⠰⠞⠥,மருந்து
⠊⠗⠥⠏⠰⠏⠥,இருப்பு
⠞⠻⠰⠏⠕⠞⠥,தற்போது
⠧⠷⠬⠰⠅⠇⠰,வழங்கல்
⠏⠜⠞⠥⠅⠜⠅⠰⠅,பாதுகாக்க
⠚⠰⠜⠞⠊⠏⠞⠊,ஜனாதிபதி
⠚⠰⠜⠞⠊⠏⠞⠊,ஜனாதிபதி
⠁⠉⠰⠉⠅⠍⠰,அச்சகம்
⠁⠷⠥⠞⠰⠞⠍⠰,அழுத்தம்
⠏⠜⠉⠜⠬⠰⠅⠥,பாசாங்கு
⠁⠷⠅⠜⠰,அழகான
⠞⠾⠥⠅⠰⠅,தடுக்க
⠍⠥⠝⠰⠞⠌⠽,முந்தைய
⠍⠥⠰⠰⠏⠥,முன்பு
⠧⠊⠇⠌,விலை
⠏⠑⠗⠥⠍⠌,பெருமை
⠏⠳⠉⠜⠗⠊,பூசாரி
⠍⠥⠞⠰⠰⠍⠌⠽⠜⠅,முதன்மையாக
⠍⠥⠞⠰⠰⠍⠌,முதன்மை
⠍⠥⠞⠰⠰⠍⠌,முதன்மை
⠍⠥⠞⠰⠰⠍⠌,முதன்மை
⠅⠕⠸⠰⠅⠌,கொள்கை
⠁⠉⠰⠉⠥,அச்சு
⠍⠥⠰⠰,முன்
⠍⠥⠰⠰⠰⠥⠗⠊⠍⠌,முன்னுரிமை
⠉⠊⠻⠌⠽⠊⠇⠰,சிறையில்
⠅⠌⠞⠊,கைதி
⠞⠰⠊⠽⠥⠗⠊⠍⠌,தனியுரிமை
⠞⠰⠊⠽⠜⠗⠰,தனியார்
⠉⠜⠞⠰⠞⠊⠽⠍⠜⠰,சாத்தியமான
⠁⠝⠑⠅⠍⠜⠅,அநேகமாக
⠏⠊⠗⠉⠰⠉⠰⠌,பிரச்சனை
⠉⠑⠽⠇⠰⠍⠥⠻⠌,செயல்முறை
⠞⠕⠾⠗⠧⠥⠍⠰,தொடரவும்
⠉⠑⠽⠇⠰⠍⠥⠻⠌,செயல்முறை
⠥⠻⠰⠏⠞⠰⠞⠊,உற்பத்தி
⠞⠽⠜⠗⠊⠏⠰⠏⠜⠸⠗⠰,தயாரிப்பாளர்
⠞⠽⠜⠗⠊⠏⠰⠏⠥,தயாரிப்பு
⠥⠻⠰⠏⠞⠰⠞⠊,உற்பத்தி
⠞⠕⠷⠊⠇⠰,தொழில்
⠞⠕⠷⠊⠇⠰⠍⠥⠻⠌,தொழில்முறை
⠏⠑⠗⠜⠉⠊⠗⠊⠽⠗⠰,பேராசிரியர்
⠉⠥⠽⠧⠊⠧⠗⠍⠰,சுயவிவரம்
⠇⠜⠏⠍⠰,லாபம்
⠞⠊⠾⠰⠾⠍⠰,திட்டம்
⠍⠥⠰⠰⠰⠑⠻⠰⠻⠍⠰,முன்னேற்றம்
⠞⠊⠾⠰⠾⠍⠰,திட்டம்
⠍⠥⠅⠰⠅⠊⠽,முக்கிய
⠧⠜⠅⠰⠅⠥⠻⠥⠞⠊,வாக்குறுதி
⠳⠅⠰⠅⠥⠧⠊⠅⠰⠅,ஊக்குவிக்க
⠥⠾⠰⠾⠊⠽⠜⠅,உடனடியாக
⠜⠞⠜⠗⠍⠰,ஆதாரம்
⠍⠥⠻⠌⠽⠜⠰,முறையான
⠭⠷⠥⠬⠰⠅⠜⠅,ஒழுங்காக
⠉⠕⠞⠰⠞⠥,சொத்து
⠧⠊⠅⠊⠞⠍⠰,விகிதம்
⠍⠥⠰⠰⠍⠕⠷⠊⠧⠥,முன்மொழிவு
⠍⠥⠰⠰⠍⠕⠷⠊⠅,முன்மொழிக
⠍⠥⠰⠰⠍⠕⠷⠊⠽⠏⠰⠏⠾⠰⠾⠞⠥,முன்மொழியப்பட்டது
⠧⠷⠅⠰⠅⠻⠊⠒⠗⠰,வழக்கறிஞர்
⠧⠜⠽⠰⠏⠰⠏⠥,வாய்ப்பு
⠏⠜⠞⠥⠅⠜⠅⠰⠅,பாதுகாக்க
⠏⠜⠞⠥⠅⠜⠏⠰⠏⠥,பாதுகாப்பு
⠏⠥⠗⠞,புரத
⠢⠞⠊⠗⠰⠏⠰⠏⠥,எதிர்ப்பு
⠏⠑⠗⠥⠍⠌,பெருமை
⠝⠊⠗⠳⠏⠊⠅⠰⠅,நிரூபிக்க
⠧⠷⠬⠰⠅,வழங்க
⠧⠷⠬⠰⠅⠥⠏⠧⠗⠰,வழங்குபவர்
⠍⠜⠅⠜⠼⠍⠰,மாகாணம்
⠧⠷⠬⠰⠅⠇⠰,வழங்கல்
⠥⠸⠧⠊⠽⠇⠰,உளவியல்
⠥⠸⠧⠊⠽⠇⠜⠸⠗⠰,உளவியலாளர்
⠥⠸⠧⠊⠽⠇⠰,உளவியல்
⠏⠕⠞⠥,பொது
⠧⠑⠸⠊⠽⠔⠾⠥,வெளியீடு
⠏⠅⠊⠗⠬⠰⠅⠍⠜⠅,பகிரங்கமாக
⠧⠑⠸⠊⠽⠊⠾⠥,வெளியிடு
⠏⠞⠊⠏,பதிப
⠥⠬⠰⠅⠸⠰ ⠏⠑⠽⠗⠰ ⠁⠢⠰⠰⠰⠦,உங்கள் பெயர் என்ன?
⠢⠰⠰ ⠏⠑⠽⠗⠰ ⠯⠰⠽⠜⠍⠇⠰,என் பெயர் ஷ்யாமல்
⠢⠏⠰⠏⠾⠊ ⠁⠊⠗⠥⠅⠰⠅⠊⠻⠔⠗⠰⠅⠸⠰⠦,எப்படி இருக்கிறீர்கள்?
⠝⠜⠰⠰ ⠝⠇⠍⠰,நான் நலம்
⠝⠔⠬⠰⠅⠸⠰ ⠁⠢⠬⠰⠅⠊⠗⠥⠝⠰⠞⠥ ⠧⠗⠥⠅⠊⠻⠔⠗⠰⠅⠸⠰⠦,நீங்கள் எங்கிருந்து வருகிறீர்கள்?
⠝⠜⠰⠰ ⠞⠍⠊⠷⠰⠝⠜⠾⠰⠾⠌⠉⠰ ⠉⠑⠗⠰⠝⠰⠞⠧⠰⠰,நான் தமிழ்நாட்டைச் சேர்ந்தவன்
⠝⠔ ⠁⠢⠰⠰⠰ ⠉⠑⠽⠰⠞⠥ ⠅⠑⠜⠼⠰⠾⠊⠗⠥⠅⠰⠅⠊⠻⠜⠽⠰⠦,நீ என்ன செய்து கொண்டிருக்கிறாய்?
⠝⠜⠰⠰ ⠧⠑⠇⠌ ⠉⠑⠽⠰⠞⠥ ⠧⠗⠥⠅⠊⠻⠑⠰⠰,நான் வேலை செய்து வருகிறேன்
⠥⠬⠰⠅⠸⠌ ⠉⠝⠰⠞⠊⠞⠰⠞⠞⠊⠇⠰ ⠍⠅⠊⠷⠰⠉⠰⠉⠊,உங்களை சந்தித்ததில் மகிழ்ச்சி
⠝⠔ ⠁⠢⠰⠰⠰⠌ ⠧⠊⠗⠥⠍⠰⠏⠥⠅⠊⠻⠜⠽⠜⠦,நீ என்னை விரும்புகிறாயா?
⠝⠜⠰⠰ ⠁⠥⠰⠰⠰⠌ ⠅⠜⠞⠇⠊⠅⠰⠅⠊⠻⠑⠰⠰,நான் உன்னை காதலிக்கிறேன்
⠥⠰⠰ ⠁⠊⠰⠰⠍⠌ ⠁⠥⠼⠗⠰⠅⠊⠻⠑⠰⠰,உன் இன்மை உணர்கிறேன்
⠝⠜⠰⠰ ⠁⠥⠰⠰⠰⠌ ⠧⠑⠻⠥⠅⠰⠅⠊⠻⠑⠰⠰,நான் உன்னை வெறுக்கிறேன்
⠥⠬⠰⠅⠸⠰ ⠧⠽⠞⠥ ⠁⠢⠰⠰⠰⠦,உங்கள் வயது என்ன?
मैं⠼ ⠃⠚ साल दा हां,मैं 20 साल दा हां
⠥⠼⠧⠥ ⠁⠥⠼⠰⠾⠜⠦,உணவு உண்டா?
⠢⠰⠅⠰⠅⠥ ⠏⠉⠊⠅⠰⠅⠊⠻⠞⠥⠖,எனக்கு பசிக்கிறது!
⠢⠰⠰⠰⠌ ⠍⠰⠰⠰⠊⠅⠰⠅⠧⠥⠍⠰,என்னை மன்னிக்கவும்
⠝⠜⠰⠰ ⠏⠊⠎⠊⠽⠜⠅ ⠁⠊⠗⠥⠅⠰⠅⠊⠻⠑⠰⠰,நான் பிஸியாக இருக்கிறேன்
⠁⠧⠰⠰ ⠁⠭⠗⠥ ⠏⠥⠞⠰⠞⠅⠍⠰ ⠏⠾⠊⠞⠰⠞⠥ ⠅⠑⠜⠼⠰⠾⠊⠗⠥⠅⠰⠅⠊⠻⠜⠰⠰,அவன் ஒரு புத்தகம் படித்து கொண்டிருக்கிறான்
⠝⠜⠰⠰ ⠁⠊⠏⠰⠏⠕⠞⠥ ⠞⠳⠬⠰⠅⠥⠅⠊⠻⠑⠰⠰,நான் இப்போது தூங்குகிறேன்
⠝⠔⠬⠰⠅⠸⠰ ⠞⠊⠗⠥⠍⠼⠍⠜⠰⠧⠗⠜⠦,நீங்கள் திருமணமானவரா?
⠝⠔ ⠧⠗⠥⠅⠊⠻⠜⠽⠜⠦,நீ வருகிறாயா?
⠢⠰⠰ ⠧⠔⠾⠥ ⠍⠊⠅⠧⠥⠍⠰ ⠏⠑⠗⠊⠽⠞⠥,என் வீடு மிகவும் பெரியது
⠢⠰⠰⠰ ⠏⠜⠗⠰⠞⠰⠞⠥ ⠅⠑⠜⠼⠰⠾⠊⠗⠥⠅⠰⠅⠊⠻⠜⠽⠰⠦,என்ன பார்த்து கொண்டிருக்கிறாய்?
⠁⠰⠌⠞⠰⠞⠥⠍⠰ ⠝⠇⠍⠜⠦,அனைத்தும் நலமா?
⠝⠔⠬⠰⠅⠸⠰ ⠁⠊⠰⠰⠻⠥ ⠁⠢⠏⠰⠏⠾⠊ ⠁⠥⠼⠗⠰⠅⠊⠻⠔⠗⠰⠅⠸⠰⠦,நீங்கள் இன்று எப்படி உணர்கிறீர்கள்?
⠝⠔⠬⠰⠅⠸⠰ ⠧⠔⠾⠰⠾⠊⠻⠰⠅⠥ ⠧⠝⠰⠞⠞⠥⠍⠰ ⠁⠢⠰⠰⠰⠌ ⠁⠁⠷⠌⠅⠰⠅⠧⠥⠍⠰,நீங்கள் வீட்டிற்கு வந்ததும் என்னை அழைக்கவும்
⠅⠜⠽⠰⠅⠻⠊⠅⠸⠌ ⠧⠜⠬⠰⠅ ⠍⠻⠅⠰⠅⠜⠞⠔⠗⠰⠅⠸⠰,காய்கறிகளை வாங்க மறக்காதீர்கள்
⠅⠧⠇⠌ ⠁⠊⠇⠰⠇⠌,கவலை இல்லை
⠊⠇⠰⠇⠌ ⠝⠰⠰⠻⠊,இல்லை நன்றி
⠁⠞⠌⠏⠰ ⠏⠻⠰⠻⠊ ⠅⠧⠇⠌⠏⠰⠏⠾ ⠧⠑⠼⠰⠾⠜⠍⠰,அதைப் பற்றி கவலைப்பட வேண்டாம்
⠅⠧⠰⠊⠞⠰⠞⠥⠅⠰⠅⠕⠸⠰,கவனித்துக்கொள்
⠢⠬⠰⠅⠑ ⠏⠕⠅⠊⠻⠜⠽⠰⠦,எங்கே போகிறாய்?
⠢⠧⠰⠧⠸⠧⠥ ⠉⠑⠇⠧⠜⠅⠥⠍⠰⠦,எவ்வளவு செலவாகும்?
⠝⠔⠬⠰⠅⠸⠰ ⠁⠢⠰⠰⠰ ⠉⠜⠏⠰⠏⠊⠾ ⠧⠊⠗⠥⠍⠰⠏⠥⠅⠊⠻⠔⠗⠰⠅⠸⠰⠦,நீங்கள் என்ன சாப்பிட விரும்புகிறீர்கள்?
⠝⠔⠬⠰⠅⠸⠰ ⠁⠢⠰⠰⠰ ⠝⠊⠰⠌⠞⠰⠞⠥⠦,நீங்கள் என்ன நினைத்து?
⠝⠔⠬⠰⠅⠸⠰ ⠝⠅⠌⠅⠰⠅ ⠉⠑⠽⠰⠅⠊⠻⠔⠗⠰⠅⠸⠰⠦,நீங்கள் நகைக்க செய்கிறீர்கள்?
⠢⠰⠅⠰⠅⠥ ⠞⠑⠗⠊⠽⠜⠞⠥⠖,எனக்கு தெரியாது!
⠥⠬⠰⠅⠸⠰ ⠏⠊⠗⠉⠰⠉⠰⠌ ⠁⠢⠰⠰⠰⠦,உங்கள் பிரச்சனை என்ன?
⠊⠞⠥ ⠝⠰⠰⠻⠜⠅ ⠁⠊⠇⠰⠇⠌,இது நன்றாக இல்லை
⠥⠬⠰⠅⠸⠰ ⠁⠁⠇⠥⠧⠇⠅⠍⠰ ⠁⠢⠬⠰⠅⠑⠦,உங்கள் அலுவலகம் எங்கே?
⠏⠊⠻⠝⠰⠞⠝⠜⠸⠰ ⠧⠜⠷⠰⠞⠰⠞⠥⠅⠰⠅⠸⠰⠖,பிறந்தநாள் வாழ்த்துக்கள்!
⠑⠰⠰ ⠞⠜⠍⠞⠍⠜⠅ ⠧⠝⠰⠞⠜⠽⠰⠦,ஏன் தாமதமாக வந்தாய்?
⠅⠑⠜⠼⠰⠾⠜⠾⠥⠧⠑⠜⠍⠰ ⠧⠜⠗⠔⠗⠰⠖,கொண்டாடுவோம் வாரீர்!
⠝⠜⠰⠰ ⠁⠥⠬⠰⠅⠸⠥⠅⠰⠅⠥ ⠁⠢⠏⠰⠏⠾⠊ ⠁⠥⠞⠧ ⠍⠥⠾⠊⠽⠥⠍⠰⠦,நான் உங்களுக்கு எப்படி உதவ முடியும்?
⠢⠰⠰⠰⠌ ⠍⠰⠰⠰⠊⠽⠥⠬⠰⠅⠸⠰⠖,என்னை மன்னியுங்கள்!
⠊⠰⠊⠽ ⠝⠜⠸⠰⠖,இனிய நாள்!
⠝⠰⠰⠻⠊,நன்றி
⠅⠜⠇⠌ ⠧⠼⠅⠰⠅⠍⠰⠖,காலை வணக்கம்!
⠍⠜⠇⠌ ⠧⠼⠅⠰⠅⠍⠰⠖,மாலை வணக்கம்!
⠧⠗⠧⠑⠻⠰⠅⠖,வரவேற்க!
⠝⠰⠰⠅⠻⠊,நன்கறி
⠢⠏⠰⠏⠾⠊ ⠁⠊⠗⠥⠅⠰⠅⠊⠰⠰⠻⠜⠽⠰⠦,எப்படி இருக்கின்றாய்?
⠝⠜⠰⠰ ⠉⠥⠍⠰⠍⠜⠽⠰⠂ ⠝⠰⠰⠻⠊⠖,"நான் சும்மாய், நன்றி!"
⠥⠬⠰⠅⠸⠰ ⠏⠾⠊ ⠁⠢⠏⠰⠏⠾⠊⠦,உங்கள் படி எப்படி?
⠝⠰⠰⠻⠊,நன்றி
⠍⠊⠅⠰⠅ ⠝⠰⠰⠻⠊⠖,மிக்க நன்றி!
⠥⠬⠰⠅⠸⠰ ⠍⠥⠰⠰⠰⠜⠸ ⠧⠊⠯⠽⠍⠰ ⠁⠢⠰⠰⠰⠦,உங்கள் முன்னாள விஷயம் என்ன?
⠅⠧⠰⠍⠜⠅ ⠁⠊⠗⠥⠲,கவனமாக இரு.
⠅⠧⠰⠍⠜⠅ ⠧⠜⠅⠰⠍⠰ ⠁⠕⠾⠰⠾⠧⠥⠍⠰⠲,கவனமாக வாகனம் ஓட்டவும்.
⠊⠞⠌ ⠁⠢⠰⠅⠰⠅⠜⠅ ⠍⠕⠷⠊⠏⠑⠽⠗⠰⠅⠰⠅ ⠍⠥⠾⠊⠽⠥⠍⠜⠦,இதை எனக்காக மொழிபெயர்க்க முடியுமா?
⠉⠊⠅⠜⠅⠕ ⠏⠜⠎⠰⠾⠰⠊⠇⠰ ⠁⠊⠗⠥⠝⠰⠞⠥ ⠍⠊⠅⠧⠥⠍⠰ ⠧⠊⠞⠰⠞⠊⠽⠜⠉⠍⠜⠰⠞⠥⠲,சிகாகோ பாஸ்டனில் இருந்து மிகவும் வித்தியாசமானது.
⠅⠧⠇⠌⠏⠰⠏⠾⠜⠞⠑⠲,கவலைப்படாதே.
⠢⠇⠰⠇⠕⠗⠥⠅⠰⠅⠥⠍⠰ ⠞⠑⠗⠊⠽⠥⠍⠰⠲,எல்லோருக்கும் தெரியும்.
⠢⠇⠰⠇⠜⠍⠰ ⠞⠽⠜⠗⠜⠅ ⠁⠥⠸⠰⠸⠞⠥⠲,எல்லாம் தயாராக உள்ளது.
⠉⠊⠻⠏⠰⠏⠜⠰⠞⠥⠲,சிறப்பானது.
⠁⠧⠰⠧⠏⠰⠏⠕⠞⠥⠲,அவ்வப்போது.
⠝⠇⠰⠇ ⠽⠑⠜⠉⠰⠌⠲,நல்ல யோசனை.
⠁⠧⠗⠥⠅⠰⠅⠥ ⠁⠁⠞⠥ ⠍⠊⠅⠧⠥⠍⠰ ⠏⠊⠾⠊⠅⠰⠅⠥⠍⠰⠲,அவருக்கு அது மிகவும் பிடிக்கும்.
⠥⠞⠧⠊⠖,உதவி!
⠁⠧⠗⠰ ⠧⠊⠗⠌⠧⠊⠇⠰ ⠧⠗⠥⠧⠜⠗⠰⠲,அவர் விரைவில் வருவார்.
⠁⠧⠰⠰ ⠉⠗⠊⠲,அவன் சரி.
⠁⠧⠗⠰ ⠍⠊⠅⠧⠥⠍⠰ ⠁⠢⠗⠊⠉⠰⠉⠇⠳⠾⠰⠾⠥⠅⠊⠻⠜⠗⠰⠲,அவர் மிகவும் எரிச்சலூட்டுகிறார்.
⠁⠧⠗⠰ ⠍⠊⠅⠧⠥⠍⠰ ⠏⠊⠗⠏⠇⠍⠜⠰⠧⠗⠰⠲,அவர் மிகவும் பிரபலமானவர்.
⠢⠏⠰⠏⠾⠊ ⠁⠊⠗⠥⠅⠰⠅⠊⠻⠔⠗⠰⠅⠸⠰⠦,எப்படி இருக்கிறீர்கள்?
⠧⠑⠇⠌ ⠁⠢⠏⠰⠏⠾⠊ ⠝⠾⠅⠰⠅⠊⠻⠞⠥⠦,வேலை எப்படி நடக்கிறது?
⠁⠧⠉⠗⠍⠰⠖,அவசரம்!
⠝⠜⠰⠰ ⠁⠑⠻⠰⠅⠰⠧⠑ ⠉⠜⠏⠰⠏⠊⠾⠰⠾⠑⠰⠰⠲,நான் ஏற்கனவே சாப்பிட்டேன்.
⠝⠜⠰⠰ ⠁⠥⠰⠰⠰⠌ ⠅⠑⠾⠰⠅ ⠍⠥⠾⠊⠽⠜⠞⠥⠲,நான் உன்னை கேட்க முடியாது.
⠝⠜⠰⠰ ⠁⠭⠗⠥ ⠝⠾⠌⠅⠰⠅⠥ ⠉⠑⠇⠰⠇ ⠧⠊⠗⠥⠍⠰⠏⠥⠅⠊⠻⠑⠰⠰⠲,நான் ஒரு நடைக்கு செல்ல விரும்புகிறேன்.
⠁⠞⠌ ⠁⠢⠏⠰⠏⠾⠊ ⠏⠽⠰⠰⠏⠾⠥⠞⠰⠞⠥⠧⠞⠥ ⠁⠢⠰⠰⠻⠥ ⠞⠑⠗⠊⠽⠧⠊⠇⠰⠇⠌⠲,அதை எப்படி பயன்படுத்துவது என்று தெரியவில்லை.
⠢⠰⠅⠰⠅⠥ ⠁⠁⠧⠰⠌ ⠏⠊⠾⠊⠅⠰⠅⠧⠊⠇⠰⠇⠌⠲,எனக்கு அவனை பிடிக்கவில்லை.
⠢⠰⠅⠰⠅⠥ ⠁⠁⠞⠥ ⠏⠊⠾⠊⠅⠰⠅⠧⠊⠇⠰⠇⠌⠲,எனக்கு அது பிடிக்கவில்லை.
⠝⠜⠰⠰ ⠝⠰⠰⠻⠜⠅ ⠏⠑⠉⠥⠧⠞⠊⠇⠰⠇⠌⠲,நான் நன்றாக பேசுவதில்லை.
⠢⠰⠅⠰⠅⠥ ⠏⠥⠗⠊⠽⠧⠊⠇⠰⠇⠌⠲,எனக்கு புரியவில்லை.
⠢⠰⠅⠰⠅⠥ ⠁⠁⠞⠥ ⠧⠑⠼⠰⠾⠜⠍⠰⠲,எனக்கு அது வேண்டாம்.
⠉⠥⠍⠜⠗⠰⠼ ⠉⠚⠚ ⠅⠊⠇⠕⠍⠔⠾⠰⠾⠗⠰⠅⠸⠰⠲,சுமார் 300 கிலோமீட்டர்கள்.
⠭⠗⠥ ⠧⠷⠊⠏⠰⠏⠜⠞⠌ ⠏⠽⠼ ⠾⠊⠅⠰⠅⠑⠾⠰⠲,ஒரு வழிப்பாதை பயண டிக்கெட்.
⠝⠔ ⠁⠁⠧⠸⠥⠅⠰⠅⠥ ⠁⠥⠞⠧⠏⠰ ⠏⠕⠅⠊⠻⠜⠽⠜⠦,நீ அவளுக்கு உதவப் போகிறாயா?
⠉⠑⠰⠰⠻⠥ ⠞⠊⠗⠥⠍⠰⠏⠥⠍⠰ ⠏⠽⠼ ⠾⠊⠅⠰⠅⠑⠾⠰⠲,சென்று திரும்பும் பயண டிக்கெட்.
⠢⠝⠰⠞ ⠝⠑⠗⠞⠰⠞⠊⠇⠰⠦,எந்த நேரத்தில்?
⠁⠾⠥⠞⠰⠞ ⠏⠥⠞⠰⠰⠅⠊⠷⠍⠌⠅⠰⠅⠥ ⠝⠜⠰⠰ ⠁⠁⠏⠰⠏⠜⠽⠊⠼⠰⠾⠰⠍⠑⠼⠰⠾⠰ ⠁⠢⠾⠥⠅⠰⠅⠇⠜⠍⠜⠦,அடுத்த புதன்கிழமைக்கு நான் அப்பாயிண்ட்மெண்ட் எடுக்கலாமா?
⠁⠞⠌ ⠍⠔⠼⠰⠾⠥⠍⠰ ⠉⠕⠇⠰⠇ ⠍⠥⠾⠊⠽⠥⠍⠜⠦,அதை மீண்டும் சொல்ல முடியுமா?
⠊⠝⠰⠞ ⠉⠜⠇⠌ ⠝⠊⠽⠳⠽⠜⠗⠰⠅⠰⠅⠊⠻⠰⠅⠥ ⠉⠑⠇⠰⠇⠥⠍⠜⠦,இந்த சாலை நியூயார்க்கிற்கு செல்லுமா?
⠥⠬⠰⠅⠸⠊⠾⠍⠰ ⠏⠕⠞⠥⠍⠜⠰ ⠏⠼⠍⠰ ⠁⠊⠗⠥⠅⠰⠅⠊⠻⠞⠜⠦,உங்களிடம் போதுமான பணம் இருக்கிறதா?
⠥⠬⠰⠅⠸⠥⠅⠰⠅⠥ ⠉⠍⠌⠅⠰⠅⠞⠰ ⠞⠑⠗⠊⠽⠥⠍⠜⠦,உங்களுக்கு சமைக்கத் தெரியுமா?
⠊⠞⠥ ⠁⠢⠰⠰⠰ ⠉⠕⠇⠰⠅⠊⠻⠞⠥ ⠞⠑⠗⠊⠽⠥⠍⠜⠦,இது என்ன சொல்கிறது தெரியுமா?
⠝⠜⠰⠰ ⠧⠝⠰⠞⠥ ⠁⠥⠰⠰⠰⠌ ⠁⠁⠷⠌⠞⠰⠞⠥⠉⠰ ⠉⠑⠇⠰⠇ ⠧⠑⠼⠰⠾⠥⠍⠜⠦,நான் வந்து உன்னை அழைத்துச் செல்ல வேண்டுமா?
⠢⠰⠰⠰⠌ ⠏⠊⠰⠰⠞⠕⠾⠗⠰⠲,என்னை பின்தொடர்.
⠊⠬⠰⠅⠊⠗⠥⠝⠰⠞⠥ ⠁⠁⠬⠰⠅⠑⠲,இங்கிருந்து அங்கே.
⠝⠑⠗⠜⠅ ⠍⠥⠰⠰⠰⠑ ⠉⠑⠇⠰⠇⠥⠬⠰⠅⠸⠰⠲,நேராக முன்னே செல்லுங்கள்.
⠝⠔⠬⠰⠅⠸⠰ ⠧⠝⠰⠞⠥⠧⠊⠾⠰⠾⠔⠗⠰⠅⠸⠜⠦,நீங்கள் வந்துவிட்டீர்களா?
⠝⠔⠬⠰⠅⠸⠰ ⠏⠜⠎⠰⠾⠰⠥⠅⠰⠅⠥ ⠉⠑⠰⠰⠻⠊⠗⠥⠅⠰⠅⠊⠻⠔⠗⠰⠅⠸⠜⠦,நீங்கள் பாஸ்டனுக்கு சென்றிருக்கிறீர்களா?
⠝⠜⠰⠰ ⠁⠢⠏⠰⠏⠾⠊ ⠁⠁⠬⠰⠅⠥ ⠉⠑⠇⠰⠧⠞⠥⠦,நான் எப்படி அங்கு செல்வது?
⠾⠑⠰⠊⠽⠇⠰ ⠞⠑⠗⠥⠧⠥⠅⠰⠅⠥ ⠝⠜⠰⠰ ⠁⠢⠏⠰⠏⠾⠊ ⠉⠑⠇⠰⠧⠞⠥⠦,டேனியல் தெருவுக்கு நான் எப்படி செல்வது?
⠁⠍⠑⠗⠊⠅⠰⠅ ⠞⠳⠞⠗⠅⠞⠰⠞⠊⠻⠰⠅⠥ ⠝⠜⠰⠰ ⠁⠢⠏⠰⠏⠾⠊ ⠉⠑⠇⠰⠧⠞⠥⠦,அமெரிக்க தூதரகத்திற்கு நான் எப்படி செல்வது?
⠅⠜⠗⠊⠇⠰ ⠁⠢⠧⠰⠧⠸⠧⠥ ⠝⠑⠗⠍⠰ ⠁⠜⠅⠥⠍⠰⠦,காரில் எவ்வளவு நேரம் ஆகும்?
⠚⠜⠗⠰⠚⠊⠽⠜⠧⠥⠅⠰⠅⠥⠉⠰ ⠉⠑⠇⠰⠇ ⠁⠢⠧⠰⠧⠸⠧⠥ ⠝⠑⠗⠍⠰ ⠁⠜⠅⠥⠍⠰⠦,ஜார்ஜியாவுக்குச் செல்ல எவ்வளவு நேரம் ஆகும்?
⠧⠊⠍⠜⠰⠍⠰ ⠁⠢⠧⠰⠧⠸⠧⠥ ⠝⠑⠗⠍⠰⠦,விமானம் எவ்வளவு நேரம்?
⠞⠊⠗⠌⠏⠰⠏⠾⠍⠰ ⠁⠢⠏⠰⠏⠾⠊ ⠁⠊⠗⠥⠝⠰⠞⠞⠥⠦,திரைப்படம் எப்படி இருந்தது?
⠝⠜⠰⠰ ⠁⠭⠗⠥ ⠏⠕⠰⠰ ⠉⠑⠽⠰⠽ ⠧⠊⠗⠥⠍⠰⠏⠥⠅⠊⠻⠑⠰⠰⠲,நான் ஒரு போன் செய்ய விரும்புகிறேன்.
⠝⠜⠰⠰ ⠍⠥⠰⠰⠏⠞⠊⠧⠥ ⠉⠑⠽⠰⠽ ⠧⠊⠗⠥⠍⠰⠏⠥⠅⠊⠻⠑⠰⠰⠲,நான் முன்பதிவு செய்ய விரும்புகிறேன்.
⠝⠜⠰⠰ ⠁⠥⠬⠰⠅⠸⠊⠾⠍⠰ ⠁⠭⠗⠥ ⠅⠑⠸⠰⠧⠊ ⠅⠑⠾⠰⠅ ⠧⠊⠗⠥⠍⠰⠏⠥⠅⠊⠻⠑⠰⠰⠲⠌ ⠝⠜⠰⠰ ⠁⠥⠬⠰⠅⠸⠊⠾⠍⠰ ⠁⠭⠗⠥ ⠅⠑⠸⠰⠧⠊ ⠅⠑⠾⠰⠅ ⠧⠊⠗⠥⠍⠰⠏⠥⠅⠊⠻⠑⠰⠰⠲,நான் உங்களிடம் ஒரு கேள்வி கேட்க விரும்புகிறேன்./ நான் உங்களிடம் ஒரு கேள்வி கேட்க விரும்புகிறேன்.
⠁⠞⠌⠽⠥⠍⠰ ⠁⠢⠾⠥⠞⠰⠞⠥⠅⠰ ⠅⠕⠸⠰⠅⠊⠻⠑⠰⠰⠲,அதையும் எடுத்துக் கொள்கிறேன்.
⠝⠜⠰⠰ ⠁⠊⠏⠰⠏⠕⠞⠑ ⠧⠗⠥⠅⠊⠻⠑⠰⠰⠲,நான் இப்போதே வருகிறேன்.
⠊⠰⠰⠰⠥⠍⠰ ⠝⠜⠰⠰⠅⠥ ⠝⠜⠾⠰⠅⠸⠊⠇⠰ ⠧⠔⠾⠰⠾⠥⠅⠰⠅⠥⠏⠰ ⠏⠕⠅⠊⠻⠑⠰⠰⠲,இன்னும் நான்கு நாட்களில் வீட்டுக்குப் போகிறேன்.
⠝⠜⠰⠰ ⠝⠜⠸⠌ ⠏⠥⠻⠏⠰⠏⠾⠥⠅⠊⠻⠑⠰⠰⠲,நான் நாளை புறப்படுகிறேன்.
⠝⠜⠰⠰ ⠞⠏⠜⠇⠰ ⠝⠊⠇⠌⠽⠞⠰⠞⠌⠞⠰ ⠞⠑⠾⠥⠅⠊⠻⠑⠰⠰⠲,நான் தபால் நிலையத்தைத் தேடுகிறேன்.
⠊⠝⠰⠞ ⠏⠑⠰⠜ ⠁⠥⠬⠰⠅⠸⠥⠾⠌⠽⠞⠜⠦,இந்த பேனா உங்களுடையதா?
⠝⠜⠰⠰ ⠁⠭⠰⠰⠻⠥ ⠁⠊⠗⠥⠝⠰⠞⠊⠗⠥⠅⠰⠅ ⠧⠊⠗⠥⠍⠰⠏⠥⠅⠊⠻⠑⠰⠰⠲,நான் ஒன்று இருந்திருக்க விரும்புகிறேன்.
⠞⠽⠧⠥⠉⠑⠽⠰⠞⠥ ⠝⠊⠽⠳⠽⠜⠗⠰⠅⠰⠅⠊⠻⠰⠅⠥ ⠁⠭⠗⠥ ⠾⠊⠅⠰⠅⠑⠾⠰⠲,தயவுசெய்து நியூயார்க்கிற்கு ஒரு டிக்கெட்.
⠭⠗⠥ ⠧⠷⠊⠽⠜ ⠁⠁⠇⠰⠇⠞⠥ ⠉⠥⠻⠰⠻⠥⠏⠰ ⠏⠽⠼⠍⠜⠦,ஒரு வழியா அல்லது சுற்றுப் பயணமா?
⠢⠰⠰⠰⠌ ⠝⠍⠰⠏⠥⠲,என்னை நம்பு.
⠢⠰⠰⠰⠌ ⠍⠔⠼⠰⠾⠥⠍⠰ ⠁⠁⠷⠌⠅⠰⠅⠧⠥⠍⠰⠲,என்னை மீண்டும் அழைக்கவும்.
⠅⠳⠾⠊⠽ ⠧⠊⠗⠌⠧⠊⠇⠰,கூடிய விரைவில்
⠢⠰⠅⠰⠅⠥ ⠁⠭⠗⠥ ⠁⠥⠞⠧⠊ ⠉⠑⠽⠰,எனக்கு ஒரு உதவி செய்
⠅⠌ ⠅⠕⠾⠥⠬⠰⠅⠸⠰,கை கொடுங்கள்
⠢⠰⠅⠰⠅⠥ ⠏⠥⠗⠊⠽⠧⠊⠇⠰⠇⠌,எனக்கு புரியவில்லை
⠝⠜⠰⠰ ⠁⠁⠞⠌ ⠉⠕⠇⠰⠇⠧⠊⠇⠰⠇⠌,நான் அதை சொல்லவில்லை
⠍⠻⠥⠅⠰⠅⠊⠻⠑⠰⠰⠖,மறுக்கிறேன்!
⠝⠜⠰⠰ ⠾⠽⠾⠰⠾⠊⠇⠰ ⠁⠊⠗⠥⠅⠰⠅⠊⠻⠑⠰⠰,நான் டயட்டில் இருக்கிறேன்
⠝⠜⠰⠰ ⠞⠜⠰⠰ ⠉⠑⠽⠰⠞⠑⠰⠰,நான் தான் செய்தேன்
⠢⠰⠰⠰⠌ ⠍⠰⠰⠰⠊⠅⠰⠅⠧⠥⠍⠰,என்னை மன்னிக்கவும்
⠍⠥⠻⠰⠻⠊⠇⠥⠍⠰ ⠁⠊⠇⠰⠇⠌⠲,முற்றிலும் இல்லை.
⠢⠰⠅⠰⠅⠥ ⠁⠢⠞⠥⠧⠥⠍⠰ ⠞⠑⠗⠊⠽⠜⠞⠥⠲,எனக்கு எதுவும் தெரியாது.
⠝⠜⠰⠰ ⠁⠭⠏⠰⠏⠥⠅⠰⠅⠑⠜⠸⠰⠅⠊⠻⠑⠰⠰⠲,நான் ஒப்புக்கொள்கிறேன்.
⠝⠜⠰⠰ ⠧⠔⠾⠰⠾⠊⠇⠰ ⠁⠊⠗⠥⠅⠰⠅⠊⠻⠑⠰⠰,நான் வீட்டில் இருக்கிறேன்
⠁⠞⠥ ⠁⠢⠰⠰ ⠝⠜⠅⠰⠅⠊⠰⠰ ⠝⠥⠰⠊⠽⠊⠇⠰ ⠁⠥⠸⠰⠸⠞⠥,அது என் நாக்கின் நுனியில் உள்ளது
⠁⠞⠥ ⠏⠗⠧⠜⠽⠊⠇⠰⠇⠌,அது பரவாயில்லை
⠊⠞⠥ ⠁⠥⠼⠰⠍⠌⠽⠊⠇⠰ ⠝⠑⠗⠍⠰ ⠁⠢⠾⠥⠅⠰⠅⠥⠍⠰,இது உண்மையில் நேரம் எடுக்கும்
⠁⠞⠥ ⠁⠁⠧⠗⠰ ⠉⠊⠻⠝⠰⠞ ⠅⠕⠾⠰⠾⠌,அது அவர் சிறந்த கோட்டை
⠊⠇⠰⠇⠌⠂ ⠁⠢⠰⠅⠰⠅⠥ ⠧⠑⠼⠰⠾⠜⠍⠰,"இல்லை, எனக்கு வேண்டாம்"
⠉⠝⠰⠞⠊⠏⠰⠏⠕⠍⠰,சந்திப்போம்
⠁⠾⠥⠞⠰⠞ ⠍⠥⠻⠌ ⠉⠝⠰⠞⠊⠏⠰⠏⠕⠍⠰,அடுத்த முறை சந்திப்போம்
⠁⠞⠰⠜⠇⠰ ⠝⠜⠰⠰ ⠉⠑⠽⠰⠅⠊⠻⠑⠰⠰,அதனால் நான் செய்கிறேன்
⠁⠞⠰⠜⠇⠰,அதனால்
⠢⠰⠰⠰⠌ ⠁⠁⠰⠥⠍⠞⠊⠽⠥⠬⠰⠅⠸⠰,என்னை அனுமதியுங்கள்
⠢⠝⠰⠞ ⠝⠜⠸⠥⠍⠰ ⠉⠑⠽⠰⠽⠥⠍⠰,எந்த நாளும் செய்யும்
⠁⠍⠌⠞⠊⠽⠜⠅ ⠁⠊⠗⠥⠅⠰⠅,அமைதியாக இருக்க
⠅⠧⠰⠍⠜⠅ ⠁⠊⠗⠥⠖,கவனமாக இரு!
⠁⠍⠌⠞⠊⠽⠜⠅ ⠁⠊⠗⠥⠖,அமைதியாக இரு!
⠥⠻⠰⠉⠜⠅⠏⠰⠏⠾⠥⠞⠰⠞⠥⠬⠰⠅⠸⠰⠖,உற்சாகப்படுத்துங்கள்!
⠧⠜,வா
⠑⠸⠰⠍⠜⠅ ⠁⠊⠗⠥⠅⠰⠅⠜⠞⠔⠗⠰⠅⠸⠰,ஏளனமாக இருக்காதீர்கள்
⠍⠊⠅⠧⠥⠍⠰ ⠅⠥⠷⠝⠰⠞⠌⠞⠰⠞⠰⠍⠜⠅ ⠁⠊⠗⠥⠅⠰⠅ ⠧⠑⠼⠰⠾⠜⠍⠰,மிகவும் குழந்தைத்தனமாக இருக்க வேண்டாம்
⠝⠅⠗⠜⠞⠑⠖,நகராதே!
⠅⠧⠇⠌⠏⠰⠏⠾⠜⠞⠑,கவலைப்படாதே
⠉⠝⠰⠞⠑⠜⠯⠍⠜⠅ ⠁⠊⠗⠥⠬⠰⠅⠸⠰,சந்தோஷமாக இருங்கள்
⠢⠰⠰⠰⠌ ⠏⠊⠰⠰⠞⠑⠜⠾⠗⠰,என்னை பின்தொடர்
⠢⠰⠰⠰⠌ ⠍⠰⠰⠰⠊⠞⠰⠞⠥⠧⠊⠾⠥,என்னை மன்னித்துவிடு
⠍⠻⠝⠰⠞⠥⠧⠊⠾⠥,மறந்துவிடு
⠅⠾⠧⠥⠸⠰ ⠁⠥⠰⠰⠰⠌ ⠁⠜⠉⠊⠗⠰⠧⠞⠊⠅⠰⠅⠾⠰⠾⠥⠍⠰,கடவுள் உன்னை ஆசிர்வதிக்கட்டும்
⠊⠞⠥ ⠁⠥⠬⠰⠅⠸⠌⠏⠰ ⠏⠻⠰⠻⠊ ⠍⠊⠅⠧⠥⠍⠰ ⠉⠊⠝⠰⠞⠊⠅⠰⠅⠊⠻⠞⠥,இது உங்களைப் பற்றி மிகவும் சிந்திக்கிறது
⠁⠞⠥ ⠁⠥⠬⠰⠅⠸⠥⠾⠌⠽⠞⠥,அது உங்களுடையது
⠊⠞⠥ ⠁⠥⠬⠰⠅⠸⠰ ⠧⠼⠊⠅⠍⠰ ⠁⠁⠇⠰⠇,இது உங்கள் வணிகம் அல்ல
⠧⠜⠽⠌ ⠍⠳⠾⠥,வாயை மூடு
⠧⠑⠅⠞⠰⠞⠌ ⠅⠥⠻⠌,வேகத்தை குறை
⠊⠏⠰⠏⠾⠊ ⠉⠞⠰⠞⠍⠰ ⠏⠕⠾⠥⠧⠞⠌ ⠝⠊⠻⠥⠞⠰⠞⠥⠬⠰⠅⠸⠰,இப்படி சத்தம் போடுவதை நிறுத்துங்கள்
⠝⠔⠬⠰⠅⠸⠰ ⠍⠊⠅ ⠧⠑⠅⠍⠜⠅ ⠉⠑⠇⠰⠅⠊⠻⠔⠗⠰⠅⠸⠰,நீங்கள் மிக வேகமாக செல்கிறீர்கள்
⠢⠰⠰⠰⠥⠾⠰⠰ ⠧⠜,என்னுடன் வா
⠍⠞⠊⠽ ⠧⠼⠅⠰⠅⠍⠰,மதிய வணக்கம்
⠅⠜⠇⠌ ⠧⠼⠅⠰⠅⠍⠰,காலை வணக்கம்
⠊⠰⠊⠽ ⠁⠊⠗⠧⠥,இனிய இரவு
⠝⠇⠰⠇ ⠏⠽⠼⠍⠰ ⠁⠁⠍⠌⠽⠾⠰⠾⠥⠍⠰,நல்ல பயணம் அமையட்டும்
⠊⠰⠊⠽ ⠧⠜⠗ ⠁⠊⠻⠥⠞⠊⠽⠊⠇⠰ ⠁⠁⠍⠌⠽⠾⠰⠾⠥⠍⠰,இனிய வார இறுதியில் அமையட்டும்
⠝⠜⠰⠰ ⠁⠥⠰⠰⠰⠌⠏⠰ ⠏⠜⠗⠜⠾⠰⠾⠥⠅⠊⠻⠑⠰⠰,நான் உன்னைப் பாராட்டுகிறேன்
⠝⠜⠰⠰ ⠍⠰⠰⠰⠊⠏⠰⠏⠥ ⠧⠑⠼⠰⠾⠥⠅⠊⠻⠑⠰⠰,நான் மன்னிப்பு வேண்டுகிறேன்
⠢⠰⠰⠰⠜⠇⠰ ⠅⠜⠞⠰⠞⠊⠗⠥⠅⠰⠅ ⠍⠥⠾⠊⠽⠜⠞⠥,என்னால் காத்திருக்க முடியாது
⠢⠰⠅⠰⠅⠥ ⠝⠑⠗⠍⠊⠇⠰⠇⠌,எனக்கு நேரமில்லை
⠢⠰⠅⠰⠅⠥ ⠅⠊⠾⠌⠞⠰⠞⠥⠧⠊⠾⠰⠾⠞⠥⠲,எனக்கு கிடைத்துவிட்டது.
⠝⠜⠰⠰ ⠁⠥⠰⠰⠰⠌ ⠧⠑⠻⠥⠅⠰⠅⠊⠻⠑⠰⠰⠖,நான் உன்னை வெறுக்கிறேன்!
⠝⠜⠰⠰ ⠝⠍⠰⠏⠥⠅⠊⠻⠑⠰⠰⠲,நான் நம்புகிறேன்.
⠢⠰⠅⠰⠅⠥ ⠁⠁⠞⠥ ⠞⠑⠗⠊⠽⠥⠍⠰⠲,எனக்கு அது தெரியும்.
⠝⠜⠰⠰ ⠁⠥⠰⠰⠰⠌ ⠅⠜⠞⠇⠊⠅⠰⠅⠊⠻⠑⠰⠰⠲,நான் உன்னை காதலிக்கிறேன்.
⠝⠜⠰⠰ ⠧⠊⠗⠥⠍⠰⠏⠥⠅⠊⠻⠑⠰⠰⠲,நான் விரும்புகிறேன்.
⠝⠜⠰⠰ ⠏⠊⠎⠊⠽⠜⠅ ⠁⠊⠗⠥⠅⠰⠅⠊⠻⠑⠰⠰⠲,நான் பிஸியாக இருக்கிறேன்.
⠝⠜⠰⠰ ⠉⠕⠗⠰⠧⠜⠅ ⠁⠊⠗⠥⠅⠰⠅⠊⠻⠑⠰⠰⠲,நான் சோர்வாக இருக்கிறேன்.
⠝⠜⠰⠰ ⠁⠥⠾⠰⠰⠏⠾⠧⠊⠇⠰⠇⠌⠲,நான் உடன்படவில்லை.
⠝⠔⠬⠰⠅⠸⠰ ⠁⠢⠰⠰ ⠝⠑⠗⠞⠰⠞⠌ ⠧⠔⠼⠾⠊⠅⠰⠅⠊⠻⠔⠗⠰⠅⠸⠰⠲,நீங்கள் என் நேரத்தை வீணடிக்கிறீர்கள்.
⠝⠜⠰⠰ ⠍⠊⠅⠧⠥⠍⠰ ⠝⠰⠰⠻⠜⠅ ⠁⠥⠼⠗⠰⠅⠊⠻⠑⠰⠰⠲,நான் மிகவும் நன்றாக உணர்கிறேன்.
⠁⠧⠗⠰⠅⠸⠰ ⠁⠭⠗⠥⠧⠗⠌⠽⠕⠗⠥⠧⠗⠰ ⠧⠊⠗⠥⠍⠰⠏⠥⠅⠊⠻⠜⠗⠰⠅⠸⠰⠲,அவர்கள் ஒருவரையொருவர் விரும்புகிறார்கள்.
⠢⠰⠰⠰⠌ ⠍⠰⠰⠰⠊⠅⠰⠅⠧⠥⠍⠰⠲,என்னை மன்னிக்கவும்.
⠝⠜⠰⠰ ⠝⠰⠰⠻⠜⠅ ⠁⠊⠗⠥⠅⠰⠅⠊⠻⠑⠰⠰⠲,நான் நன்றாக இருக்கிறேன்.
⠁⠞⠥ ⠍⠥⠅⠰⠅⠊⠽⠍⠊⠇⠰⠇⠌⠲,அது முக்கியமில்லை.
⠢⠰⠰⠰⠥⠾⠰⠰ ⠁⠊⠼⠌⠝⠰⠞⠊⠾⠥⠲,என்னுடன் இணைந்திடு.
⠏⠊⠾⠊⠏⠰⠏⠕⠍⠰⠖,பிடிப்போம்!
⠁⠞⠌ ⠉⠑⠽⠰⠧⠕⠍⠰⠲,அதை செய்வோம்.
⠥⠬⠰⠅⠸⠌ ⠉⠝⠰⠞⠊⠞⠰⠞⠞⠊⠇⠰ ⠍⠅⠊⠷⠰⠉⠰⠉⠊⠲,உங்களை சந்தித்ததில் மகிழ்ச்சி.
⠊⠞⠥⠧⠗⠌ ⠁⠊⠇⠰⠇⠌⠲,இதுவரை இல்லை.
⠝⠜⠸⠌ ⠏⠑⠉⠥⠅⠊⠻⠑⠰⠰⠲,நாளை பேசுகிறேன்.
⠍⠊⠅⠰⠅ ⠝⠰⠰⠻⠊⠲,மிக்க நன்றி.
⠝⠔ ⠞⠊⠗⠥⠍⠰⠏⠥⠲,நீ திரும்பு.
⠭⠗⠥ ⠁⠁⠷⠅⠜⠰ ⠝⠜⠸⠰⠂ ⠁⠊⠇⠰⠇⠌⠽⠜⠦,"ஒரு அழகான நாள், இல்லையா?"
⠝⠜⠰⠰ ⠉⠑⠽⠰⠽ ⠧⠑⠼⠰⠾⠥⠍⠜⠦,நான் செய்ய வேண்டுமா?
⠝⠜⠰⠰ ⠁⠥⠬⠰⠅⠸⠥⠅⠰⠅⠥ ⠁⠥⠞⠧⠇⠜⠍⠜⠦,நான் உங்களுக்கு உதவலாமா?
⠏⠼⠊⠅⠸⠰ ⠁⠢⠏⠰⠏⠾⠊ ⠝⠾⠅⠰⠅⠊⠻⠰⠦,பணிகள் எப்படி நடக்கிறன?
⠧⠑⠻⠥ ⠁⠢⠞⠜⠧⠞⠥⠦,வேறு எதாவது?
⠝⠔⠬⠰⠅⠸⠰ ⠧⠊⠸⠌⠽⠜⠾⠥⠅⠊⠻⠔⠗⠰⠅⠸⠜⠦,நீங்கள் விளையாடுகிறீர்களா?
⠝⠔ ⠉⠑⠜⠇⠰⠧⠞⠥ ⠁⠥⠻⠥⠞⠊⠽⠜⠦,நீ சொல்வது உறுதியா?
⠢⠰⠰⠰⠌⠏⠰ ⠏⠥⠗⠊⠅⠊⠻⠞⠜⠦,என்னைப் புரிகிறதா?
⠝⠔⠬⠰⠅⠸⠰ ⠍⠥⠾⠊⠞⠰⠞⠥ ⠧⠊⠾⠰⠾⠔⠗⠰⠅⠸⠜⠦,நீங்கள் முடித்து விட்டீர்களா?
⠝⠜⠰⠰ ⠁⠥⠬⠰⠅⠸⠊⠾⠍⠰ ⠁⠭⠰⠰⠻⠥ ⠅⠑⠾⠰⠅⠇⠜⠍⠜⠦,நான் உங்களிடம் ஒன்று கேட்கலாமா?
⠞⠽⠧⠥⠉⠑⠽⠰⠞⠥ ⠁⠁⠞⠌ ⠍⠔⠼⠰⠾⠥⠍⠰ ⠉⠑⠽⠰⠽ ⠍⠥⠾⠊⠽⠥⠍⠜⠦,தயவுசெய்து அதை மீண்டும் செய்ய முடியுமா?
⠁⠞⠥ ⠁⠥⠰⠅⠰⠅⠥ ⠅⠊⠾⠌⠞⠰⠞⠞⠜⠦,அது உனக்கு கிடைத்ததா?
⠥⠬⠰⠅⠸⠥⠅⠰⠅⠥ ⠁⠑⠞⠜⠧⠞⠥ ⠞⠑⠧⠌⠽⠜⠦,உங்களுக்கு ஏதாவது தேவையா?
⠢⠏⠰⠏⠾⠊ ⠁⠊⠗⠥⠅⠰⠅⠊⠻⠔⠗⠰⠅⠸⠰⠦,எப்படி இருக்கிறீர்கள்?
⠝⠔⠬⠰⠅⠸⠰ ⠁⠢⠏⠰⠏⠾⠊ ⠁⠥⠼⠗⠰⠅⠊⠻⠔⠗⠰⠅⠸⠰⠦,நீங்கள் எப்படி உணர்கிறீர்கள்?
⠊⠞⠥ ⠁⠢⠧⠰⠧⠸⠧⠥⠦,இது எவ்வளவு?
⠥⠬⠰⠅⠸⠰ ⠧⠽⠞⠥ ⠁⠢⠰⠰⠰⠦,உங்கள் வயது என்ன?
⠥⠬⠰⠅⠸⠰ ⠧⠜⠗ ⠁⠊⠻⠥⠞⠊ ⠁⠢⠏⠰⠏⠾⠊ ⠁⠊⠗⠥⠝⠰⠞⠞⠥⠦,உங்கள் வார இறுதி எப்படி இருந்தது?
⠢⠇⠰⠇⠜⠍⠰ ⠝⠰⠰⠻⠜⠅ ⠁⠊⠗⠥⠅⠰⠅⠊⠻⠞⠜⠦,எல்லாம் நன்றாக இருக்கிறதா?
⠁⠰⠌⠞⠰⠞⠥⠍⠰ ⠝⠇⠍⠜⠦,அனைத்தும் நலமா?
⠝⠔ ⠁⠢⠰⠰⠰ ⠉⠑⠽⠰⠞⠥ ⠅⠑⠜⠼⠰⠾⠊⠗⠥⠅⠰⠅⠊⠻⠜⠽⠰⠦,நீ என்ன செய்து கொண்டிருக்கிறாய்?
⠝⠔⠬⠰⠅⠸⠰ ⠁⠢⠞⠌ ⠏⠻⠰⠻⠊ ⠏⠑⠉⠥⠅⠊⠻⠊⠗⠰⠅⠸⠰⠦,நீங்கள் எதை பற்றி பேசுகிறிர்கள்?
⠝⠔⠬⠰⠅⠸⠰ ⠁⠢⠰⠰⠰ ⠉⠑⠽⠰⠅⠊⠻⠔⠗⠰⠅⠸⠰⠦,நீங்கள் என்ன செய்கிறீர்கள்?
⠥⠬⠰⠅⠸⠞⠥ ⠏⠑⠜⠷⠥⠞⠥⠏⠑⠜⠅⠰⠅⠥⠅⠸⠰ ⠁⠢⠰⠰⠰⠦,உங்களது பொழுதுபோக்குகள் என்ன?
⠢⠰⠰⠰ ⠉⠕⠰⠰⠰⠜⠽⠰⠦,என்ன சொன்னாய்?
⠥⠰⠅⠰⠅⠥ ⠁⠢⠰⠰⠰ ⠧⠑⠼⠰⠾⠥⠍⠰⠦,உனக்கு என்ன வேண்டும்?
⠝⠔⠬⠰⠅⠸⠰ ⠁⠢⠰⠰⠰ ⠝⠊⠰⠌⠅⠰⠅⠻⠔⠗⠰⠅⠸⠰⠦,நீங்கள் என்ன நினைக்கறீர்கள்?
⠝⠔⠬⠰⠅⠸⠰ ⠁⠢⠰⠰⠰ ⠉⠑⠽⠰⠽ ⠧⠊⠗⠥⠍⠰⠏⠥⠅⠊⠻⠔⠗⠰⠅⠸⠰⠦,நீங்கள் என்ன செய்ய விரும்புகிறீர்கள்?
⠥⠬⠰⠅⠸⠥⠅⠰⠅⠥ ⠁⠢⠰⠰⠰ ⠧⠑⠼⠰⠾⠥⠍⠰⠦,உங்களுக்கு என்ன வேண்டும்?
⠧⠜⠰⠊⠇⠌ ⠁⠢⠏⠰⠏⠾⠊ ⠁⠊⠗⠥⠅⠰⠅⠊⠻⠞⠥⠦,வானிலை எப்படி இருக்கிறது?
⠥⠬⠰⠅⠸⠰ ⠍⠊⠰⠰⠰⠒⠰⠉⠇⠰ ⠍⠥⠅⠧⠗⠊ ⠁⠢⠰⠰⠰⠦,உங்கள் மின்னஞ்சல் முகவரி என்ன?
⠥⠬⠰⠅⠸⠰ ⠧⠑⠇⠌ ⠁⠢⠰⠰⠰⠦,உங்கள் வேலை என்ன?
⠥⠰⠰ ⠏⠑⠽⠗⠰ ⠁⠢⠰⠰⠰⠦,உன் பெயர் என்ன?
⠥⠬⠰⠅⠸⠰ ⠞⠕⠇⠌⠏⠑⠉⠊ ⠁⠢⠼⠰ ⠁⠢⠰⠰⠰⠦,உங்கள் தொலைபேசி எண் என்ன?
⠢⠰⠰⠰ ⠝⠾⠝⠰⠞⠥ ⠅⠜⠑⠼⠰⠾⠊⠗⠥⠅⠰⠅⠊⠻⠞⠥⠦,என்ன நடந்து காெண்டிருக்கிறது?
⠗⠽⠊⠇⠰ ⠁⠢⠏⠰⠏⠕⠞⠥ ⠏⠥⠻⠏⠰⠏⠾⠥⠍⠰⠦,ரயில் எப்போது புறப்படும்?
⠝⠅⠗ ⠍⠌⠽⠞⠰⠞⠊⠻⠰⠅⠥ ⠝⠜⠰⠰ ⠁⠢⠏⠰⠏⠾⠊ ⠉⠑⠇⠰⠧⠞⠥⠦,நகர மையத்திற்கு நான் எப்படி செல்வது?
⠝⠔⠬⠰⠅⠸⠰ ⠁⠢⠬⠰⠅⠊⠗⠥⠝⠰⠞⠥ ⠧⠗⠥⠅⠊⠻⠔⠗⠰⠅⠸⠰⠦,நீங்கள் எங்கிருந்து வருகிறீர்கள்?
⠢⠬⠰⠅⠑ ⠏⠕⠅⠊⠻⠜⠽⠰⠦,எங்கே போகிறாய்?
⠝⠔⠬⠰⠅⠸⠰ ⠁⠢⠬⠰⠅⠑ ⠁⠊⠗⠥⠅⠰⠅⠊⠻⠔⠗⠰⠅⠸⠰⠦,நீங்கள் எங்கே இருக்கிறீர்கள்?
⠢⠬⠰⠅⠊⠗⠥⠝⠰⠞⠥ ⠅⠊⠾⠌⠞⠰⠞⠞⠥⠦,எங்கிருந்து கிடைத்தது?
⠝⠔⠬⠰⠅⠸⠰ ⠁⠢⠬⠰⠅⠥ ⠧⠜⠷⠰⠅⠊⠻⠔⠗⠰⠅⠸⠰⠦,நீங்கள் எங்கு வாழ்கிறீர்கள்?
⠢⠰⠰⠰⠥⠾⠰⠰ ⠧⠗⠥⠅⠊⠻⠜⠽⠜⠦,என்னுடன் வருகிறாயா?
⠝⠔⠬⠰⠅⠸⠰ ⠁⠢⠧⠰⠧⠸⠧⠥ ⠅⠜⠇⠍⠰ ⠞⠬⠰⠅⠥⠧⠔⠗⠰⠅⠸⠰⠦,நீங்கள் எவ்வளவு காலம் தங்குவீர்கள்?